--------------------------------------------------------
--  File created - Monday-February-10-2025
--------------------------------------------------------
DROP VIEW "IMAGE_QUALITY";
DROP VIEW "IRECIST_ASSESSMENTS";
DROP VIEW "IRECIST_CALCULATIONS";
DROP VIEW "IRECIST_LESION_DETAILS";
DROP VIEW "LUGANO_LESION_DETAILS";
DROP VIEW "LUGANO_SPLEEN_DETAILS";
DROP VIEW "RECIST11_ASSESSMENTS";
DROP VIEW "RECIST11_LESION_CALCULATIONS";
DROP VIEW "RECIST11_LESION_DETAILS";
DROP TABLE "CRF_SECTIONS";
DROP TABLE "STD_SECTIONS";
DROP TABLE "STD_SECTION_OBSERVATIONS";
DROP TABLE "CRF_RESULTS";

--------------------------------------------------------
--  DDL for Table CRF_SECTIONS
--------------------------------------------------------

  CREATE TABLE "CRF_SECTIONS"
   (	"CRF_NAME" VARCHAR2(100),
	"SEQUENCE" NUMBER(2,0),
	"SECTION_NAME" VARCHAR2(4000)
   ) ;
--------------------------------------------------------
--  DDL for Table STD_SECTIONS
--------------------------------------------------------

  CREATE TABLE "STD_SECTIONS"
   (	"SECTION_NAME" VARCHAR2(100),
	"SECTION_DESCRIPTION" VARCHAR2(4000),
	"SECTION_KEY" VARCHAR2(100),
	"MULTIPLE_RECORDS_FLAG" VARCHAR2(10)
   ) ;
--------------------------------------------------------
--  DDL for Table STD_SECTION_OBSERVATIONS
--------------------------------------------------------

  CREATE TABLE "STD_SECTION_OBSERVATIONS"
   (	"SECTION_NAME" VARCHAR2(100),
	"SEQUENCE" NUMBER(2,0),
	"OBSERVATION_CODE" VARCHAR2(100),
	"KEY" VARCHAR2(4000),
	"CHECKBOX" VARCHAR2(10)
   ) ;
--------------------------------------------------------
--  DDL for Table CRF_RESULTS
--------------------------------------------------------

  CREATE TABLE "CRF_RESULTS"
   (	"STUDY_ID" VARCHAR2(100),
	"CASE_RECID" NUMBER(38,0),
	"SECTION_NAME" VARCHAR2(100),
	"ROW_INDEX" VARCHAR2(100),
	"PARENT_ROW_INDEX" VARCHAR2(100),
	"OBSERVATION_CODE" VARCHAR2(100),
	"OBSERVATION_VALUE" VARCHAR2(4000)
   ) ;

REM INSERTING into CRF_SECTIONS
SET DEFINE OFF;
Insert into CRF_SECTIONS (CRF_NAME,SEQUENCE,SECTION_NAME) values ('PRIMARY_LUGANO',1,'IMAGE_QUALITY');
Insert into CRF_SECTIONS (CRF_NAME,SEQUENCE,SECTION_NAME) values ('PRIMARY_LUGANO',2,'LUGANO_TARGET_NODES');
Insert into CRF_SECTIONS (CRF_NAME,SEQUENCE,SECTION_NAME) values ('PRIMARY_LUGANO',3,'LUGANO_TARGET_EXTRA_NODAL');
Insert into CRF_SECTIONS (CRF_NAME,SEQUENCE,SECTION_NAME) values ('PRIMARY_LUGANO',4,'LUGANO_TARGET_INDIVIDUAL_CALCULATIONS');
Insert into CRF_SECTIONS (CRF_NAME,SEQUENCE,SECTION_NAME) values ('PRIMARY_LUGANO',5,'LUGANO_CALCULATIONS_TARGET_LESIONS');
Insert into CRF_SECTIONS (CRF_NAME,SEQUENCE,SECTION_NAME) values ('PRIMARY_LUGANO',6,'LUGANO_TARGET_ASSESMENT');
Insert into CRF_SECTIONS (CRF_NAME,SEQUENCE,SECTION_NAME) values ('PRIMARY_LUGANO',7,'LUGANO_TARGET_ASSESMENT_SOFT_EDIT_CHECKS');
Insert into CRF_SECTIONS (CRF_NAME,SEQUENCE,SECTION_NAME) values ('PRIMARY_LUGANO',8,'LUGANO_NON_TARGET_LESIONS');
Insert into CRF_SECTIONS (CRF_NAME,SEQUENCE,SECTION_NAME) values ('PRIMARY_LUGANO',9,'LUGANO_NON_TARGET_ASSESMENT');
Insert into CRF_SECTIONS (CRF_NAME,SEQUENCE,SECTION_NAME) values ('PRIMARY_LUGANO',10,'LUGANO_NON_TARGET_ASSESMENT_SOFT_EDIT_CHECKS');
Insert into CRF_SECTIONS (CRF_NAME,SEQUENCE,SECTION_NAME) values ('PRIMARY_LUGANO',11,'LUGANO_SPLEEN_MEASUREMENTS');
Insert into CRF_SECTIONS (CRF_NAME,SEQUENCE,SECTION_NAME) values ('PRIMARY_LUGANO',12,'LUGANO_SPLEEN_CALCULATIONS');
Insert into CRF_SECTIONS (CRF_NAME,SEQUENCE,SECTION_NAME) values ('PRIMARY_LUGANO',13,'LUGANO_SPLEEN_ASSESMENT');
Insert into CRF_SECTIONS (CRF_NAME,SEQUENCE,SECTION_NAME) values ('PRIMARY_LUGANO',14,'LUGANO_SPLEEN_ASSESMENT_SOFT_EDIT_CHECKS');
Insert into CRF_SECTIONS (CRF_NAME,SEQUENCE,SECTION_NAME) values ('PRIMARY_LUGANO',15,'LUGANO_LIVER_ASSESSMENT');
Insert into CRF_SECTIONS (CRF_NAME,SEQUENCE,SECTION_NAME) values ('PRIMARY_LUGANO',16,'LUGANO_PREVNEW_LESIONS');
Insert into CRF_SECTIONS (CRF_NAME,SEQUENCE,SECTION_NAME) values ('PRIMARY_LUGANO',17,'LUGANO_NEW_LESIONS');
Insert into CRF_SECTIONS (CRF_NAME,SEQUENCE,SECTION_NAME) values ('PRIMARY_LUGANO',18,'LUGANO_GI_INVOLVEMENT');
Insert into CRF_SECTIONS (CRF_NAME,SEQUENCE,SECTION_NAME) values ('PRIMARY_LUGANO',19,'LUGANO_CT_MRI_OTR_ASSESSMENT');
Insert into CRF_SECTIONS (CRF_NAME,SEQUENCE,SECTION_NAME) values ('PRIMARY_LUGANO',20,'LUGANO_CT_MRI_OTR_ASSESSMENT_SOFT_EDIT_CHECKS');
Insert into CRF_SECTIONS (CRF_NAME,SEQUENCE,SECTION_NAME) values ('PRIMARY_LUGANO',21,'LUGANO_ANATOMICAL_COVERAGE');
Insert into CRF_SECTIONS (CRF_NAME,SEQUENCE,SECTION_NAME) values ('PRIMARY_LUGANO',22,'LUGANO_PET_ASESSMENT');
Insert into CRF_SECTIONS (CRF_NAME,SEQUENCE,SECTION_NAME) values ('PRIMARY_LUGANO',23,'LUGANO_OTR_ASSESSMENT');
Insert into CRF_SECTIONS (CRF_NAME,SEQUENCE,SECTION_NAME) values ('PRIMARY_LUGANO',24,'LUGANO_OTR_ASSESSMENT_SOFT_EDIT_CHECKS');
Insert into CRF_SECTIONS (CRF_NAME,SEQUENCE,SECTION_NAME) values ('PRIMARY_LUGANO',25,'TIMEPOINT_COMMENTS');
Insert into CRF_SECTIONS (CRF_NAME,SEQUENCE,SECTION_NAME) values ('PRIMARY_IRECIST',1,'IMAGE_QUALITY');
Insert into CRF_SECTIONS (CRF_NAME,SEQUENCE,SECTION_NAME) values ('PRIMARY_IRECIST',2,'RECIST11_NON_NODAL_TARGET_LESIONS');
Insert into CRF_SECTIONS (CRF_NAME,SEQUENCE,SECTION_NAME) values ('PRIMARY_IRECIST',3,'RECIST11_NODAL_TARGET_LESIONS');
Insert into CRF_SECTIONS (CRF_NAME,SEQUENCE,SECTION_NAME) values ('PRIMARY_IRECIST',4,'RECIST11_LESION_CALCULATIONS');
Insert into CRF_SECTIONS (CRF_NAME,SEQUENCE,SECTION_NAME) values ('PRIMARY_IRECIST',10,'RECIST11_NON_TARGET_LESIONS');
Insert into CRF_SECTIONS (CRF_NAME,SEQUENCE,SECTION_NAME) values ('PRIMARY_IRECIST',5,'RECIST11_TARGET_ASSESSMENTS');
Insert into CRF_SECTIONS (CRF_NAME,SEQUENCE,SECTION_NAME) values ('PRIMARY_IRECIST',6,'RECIST11_TARGET_ASSESSMENT_SOFT_EDIT_CHECKS');
Insert into CRF_SECTIONS (CRF_NAME,SEQUENCE,SECTION_NAME) values ('PRIMARY_IRECIST',11,'RECIST11_NON_TARGET_ASSESSMENTS');
Insert into CRF_SECTIONS (CRF_NAME,SEQUENCE,SECTION_NAME) values ('PRIMARY_IRECIST',12,'RECIST11_NON_TARGET_ASSESSMENT_SOFT_EDIT_CHECKS');
Insert into CRF_SECTIONS (CRF_NAME,SEQUENCE,SECTION_NAME) values ('PRIMARY_IRECIST',27,'RECIST11_OVERALL_ASSESSMENTS');
Insert into CRF_SECTIONS (CRF_NAME,SEQUENCE,SECTION_NAME) values ('PRIMARY_IRECIST',28,'RECIST11_OVERALL_ASSESSMENTS_SOFT_EDIT_CHECKS');
Insert into CRF_SECTIONS (CRF_NAME,SEQUENCE,SECTION_NAME) values ('PRIMARY_IRECIST',26,'FDG_PET');
Insert into CRF_SECTIONS (CRF_NAME,SEQUENCE,SECTION_NAME) values ('PRIMARY_IRECIST',31,'RECIST11_BASELINE_DISEASE_STATUS');
Insert into CRF_SECTIONS (CRF_NAME,SEQUENCE,SECTION_NAME) values ('PRIMARY_IRECIST',16,'IRECIST_NEW_TARGET_NON_NODAL_LESIONS');
Insert into CRF_SECTIONS (CRF_NAME,SEQUENCE,SECTION_NAME) values ('PRIMARY_IRECIST',18,'IRECIST_NEW_TARGET_NODAL_LESIONS');
Insert into CRF_SECTIONS (CRF_NAME,SEQUENCE,SECTION_NAME) values ('PRIMARY_IRECIST',23,'IRECIST_NEW_NON_TARGET_LESIONS');
Insert into CRF_SECTIONS (CRF_NAME,SEQUENCE,SECTION_NAME) values ('PRIMARY_IRECIST',29,'IRECIST_OVERALL_TUMOR_RESPONSE');
Insert into CRF_SECTIONS (CRF_NAME,SEQUENCE,SECTION_NAME) values ('PRIMARY_IRECIST',7,'IRECIST_TARGET_CALCULATIONS_SINCE_IUPD');
Insert into CRF_SECTIONS (CRF_NAME,SEQUENCE,SECTION_NAME) values ('PRIMARY_IRECIST',8,'IRECIST_TARGET_LESIONS_ASSESSMENT');
Insert into CRF_SECTIONS (CRF_NAME,SEQUENCE,SECTION_NAME) values ('PRIMARY_IRECIST',9,'IRECIST_TARGET_LESIONS_ASSESSMENT_SOFT_EDIT_CHECKS');
Insert into CRF_SECTIONS (CRF_NAME,SEQUENCE,SECTION_NAME) values ('PRIMARY_IRECIST',13,'IRECIST_NON_TARGET_LESIONS_ASSESSMENT');
Insert into CRF_SECTIONS (CRF_NAME,SEQUENCE,SECTION_NAME) values ('PRIMARY_IRECIST',14,'IRECIST_NON_TARGET_LESIONS_ASSESSMENT_SOFT_EDIT_CHECKS');
Insert into CRF_SECTIONS (CRF_NAME,SEQUENCE,SECTION_NAME) values ('PRIMARY_IRECIST',15,'IRECIST_PREVNEW_TARGET_NON_NODAL_LESIONS');
Insert into CRF_SECTIONS (CRF_NAME,SEQUENCE,SECTION_NAME) values ('PRIMARY_IRECIST',17,'IRECIST_PREVNEW_TARGET_NODAL_LESIONS');
Insert into CRF_SECTIONS (CRF_NAME,SEQUENCE,SECTION_NAME) values ('PRIMARY_IRECIST',22,'IRECIST_PREVNEW_NON_TARGET_LESIONS');
Insert into CRF_SECTIONS (CRF_NAME,SEQUENCE,SECTION_NAME) values ('PRIMARY_IRECIST',19,'IRECIST_CALCULATIONS_NEW_TARGET_LESIONS');
Insert into CRF_SECTIONS (CRF_NAME,SEQUENCE,SECTION_NAME) values ('PRIMARY_IRECIST',20,'IRECIST_NEW_LESION_TARGET_ASSESSMENT');
Insert into CRF_SECTIONS (CRF_NAME,SEQUENCE,SECTION_NAME) values ('PRIMARY_IRECIST',21,'IRECIST_NEW_LESION_TARGET_ASSESSMENT_SOFT_EDIT_CHECKS');
Insert into CRF_SECTIONS (CRF_NAME,SEQUENCE,SECTION_NAME) values ('PRIMARY_IRECIST',24,'IRECIST_NEW_LESION_NON_TARGET_ASSESSMENT');
Insert into CRF_SECTIONS (CRF_NAME,SEQUENCE,SECTION_NAME) values ('PRIMARY_IRECIST',25,'IRECIST_NEW_LESION_NON_TARGET_ASSESSMENT_SOFT_EDIT_CHECKS');
Insert into CRF_SECTIONS (CRF_NAME,SEQUENCE,SECTION_NAME) values ('PRIMARY_IRECIST',30,'IRECIST_OVERALL_TUMOR_RESPONSE_SOFT_EDIT_CHECK');
Insert into CRF_SECTIONS (CRF_NAME,SEQUENCE,SECTION_NAME) values ('PRIMARY_IRECIST',32,'TIMEPOINT_COMMENTS');
Insert into CRF_SECTIONS (CRF_NAME,SEQUENCE,SECTION_NAME) values ('PRIMARY_RECIST11',1,'IMAGE_QUALITY');
Insert into CRF_SECTIONS (CRF_NAME,SEQUENCE,SECTION_NAME) values ('PRIMARY_RECIST11',2,'RECIST11_NON_NODAL_TARGET_LESIONS');
Insert into CRF_SECTIONS (CRF_NAME,SEQUENCE,SECTION_NAME) values ('PRIMARY_RECIST11',3,'RECIST11_NODAL_TARGET_LESIONS');
Insert into CRF_SECTIONS (CRF_NAME,SEQUENCE,SECTION_NAME) values ('PRIMARY_RECIST11',4,'RECIST11_LESION_CALCULATIONS');
Insert into CRF_SECTIONS (CRF_NAME,SEQUENCE,SECTION_NAME) values ('PRIMARY_RECIST11',7,'RECIST11_NON_TARGET_LESIONS');
Insert into CRF_SECTIONS (CRF_NAME,SEQUENCE,SECTION_NAME) values ('PRIMARY_RECIST11',5,'RECIST11_TARGET_ASSESSMENTS');
Insert into CRF_SECTIONS (CRF_NAME,SEQUENCE,SECTION_NAME) values ('PRIMARY_RECIST11',6,'RECIST11_TARGET_ASSESSMENT_SOFT_EDIT_CHECKS');
Insert into CRF_SECTIONS (CRF_NAME,SEQUENCE,SECTION_NAME) values ('PRIMARY_RECIST11',8,'RECIST11_NON_TARGET_ASSESSMENTS');
Insert into CRF_SECTIONS (CRF_NAME,SEQUENCE,SECTION_NAME) values ('PRIMARY_RECIST11',9,'RECIST11_NON_TARGET_ASSESSMENT_SOFT_EDIT_CHECKS');
Insert into CRF_SECTIONS (CRF_NAME,SEQUENCE,SECTION_NAME) values ('PRIMARY_RECIST11',15,'RECIST11_OVERALL_ASSESSMENTS');
Insert into CRF_SECTIONS (CRF_NAME,SEQUENCE,SECTION_NAME) values ('PRIMARY_RECIST11',16,'RECIST11_OVERALL_ASSESSMENTS_SOFT_EDIT_CHECKS');
Insert into CRF_SECTIONS (CRF_NAME,SEQUENCE,SECTION_NAME) values ('PRIMARY_RECIST11',10,'RECIST11_PREVNEW_EQUIVOCAL_LESIONS');
Insert into CRF_SECTIONS (CRF_NAME,SEQUENCE,SECTION_NAME) values ('PRIMARY_RECIST11',11,'RECIST11_NEW_EQUIVOCAL_LESIONS');
Insert into CRF_SECTIONS (CRF_NAME,SEQUENCE,SECTION_NAME) values ('PRIMARY_RECIST11',12,'RECIST11_PREVNEW_UNEQUIVOCAL_LESIONS');
Insert into CRF_SECTIONS (CRF_NAME,SEQUENCE,SECTION_NAME) values ('PRIMARY_RECIST11',13,'RECIST11_NEW_UNEQUIVOCAL_LESIONS');
Insert into CRF_SECTIONS (CRF_NAME,SEQUENCE,SECTION_NAME) values ('PRIMARY_RECIST11',14,'FDG_PET');
Insert into CRF_SECTIONS (CRF_NAME,SEQUENCE,SECTION_NAME) values ('PRIMARY_RECIST11',17,'RECIST11_BASELINE_DISEASE_STATUS');
Insert into CRF_SECTIONS (CRF_NAME,SEQUENCE,SECTION_NAME) values ('PRIMARY_RECIST11',18,'TIMEPOINT_COMMENTS');
REM INSERTING into STD_SECTIONS
SET DEFINE OFF;
Insert into STD_SECTIONS (SECTION_NAME,SECTION_DESCRIPTION,SECTION_KEY,MULTIPLE_RECORDS_FLAG) values ('LUGANO_TARGET_NODES',null,'targetNodalLesions','Y');
Insert into STD_SECTIONS (SECTION_NAME,SECTION_DESCRIPTION,SECTION_KEY,MULTIPLE_RECORDS_FLAG) values ('LUGANO_TARGET_EXTRA_NODAL',null,'targetExtraNodalLesions','Y');
Insert into STD_SECTIONS (SECTION_NAME,SECTION_DESCRIPTION,SECTION_KEY,MULTIPLE_RECORDS_FLAG) values ('LUGANO_TARGET_INDIVIDUAL_CALCULATIONS',null,'targetIndividualCalculations','Y');
Insert into STD_SECTIONS (SECTION_NAME,SECTION_DESCRIPTION,SECTION_KEY,MULTIPLE_RECORDS_FLAG) values ('LUGANO_CALCULATIONS_TARGET_LESIONS',null,'targetCalculations',null);
Insert into STD_SECTIONS (SECTION_NAME,SECTION_DESCRIPTION,SECTION_KEY,MULTIPLE_RECORDS_FLAG) values ('LUGANO_TARGET_ASSESMENT',null,'overallTargetLesionAssessment',null);
Insert into STD_SECTIONS (SECTION_NAME,SECTION_DESCRIPTION,SECTION_KEY,MULTIPLE_RECORDS_FLAG) values ('LUGANO_TARGET_ASSESMENT_SOFT_EDIT_CHECKS',null,'overallTargetAssessmentSoftEditCheckOverride',null);
Insert into STD_SECTIONS (SECTION_NAME,SECTION_DESCRIPTION,SECTION_KEY,MULTIPLE_RECORDS_FLAG) values ('LUGANO_NON_TARGET_LESIONS',null,'nonTargetLesions','Y');
Insert into STD_SECTIONS (SECTION_NAME,SECTION_DESCRIPTION,SECTION_KEY,MULTIPLE_RECORDS_FLAG) values ('LUGANO_NON_TARGET_ASSESMENT',null,'overallNonTargetLesionAssessment',null);
Insert into STD_SECTIONS (SECTION_NAME,SECTION_DESCRIPTION,SECTION_KEY,MULTIPLE_RECORDS_FLAG) values ('LUGANO_NON_TARGET_ASSESMENT_SOFT_EDIT_CHECKS',null,'overallNonTargetAssessmentSoftEditCheckOverride',null);
Insert into STD_SECTIONS (SECTION_NAME,SECTION_DESCRIPTION,SECTION_KEY,MULTIPLE_RECORDS_FLAG) values ('LUGANO_SPLEEN_MEASUREMENTS',null,'spleenMeasurement',null);
Insert into STD_SECTIONS (SECTION_NAME,SECTION_DESCRIPTION,SECTION_KEY,MULTIPLE_RECORDS_FLAG) values ('LUGANO_SPLEEN_CALCULATIONS',null,'spleenCalculations',null);
Insert into STD_SECTIONS (SECTION_NAME,SECTION_DESCRIPTION,SECTION_KEY,MULTIPLE_RECORDS_FLAG) values ('LUGANO_SPLEEN_ASSESMENT',null,'spleenAssessment',null);
Insert into STD_SECTIONS (SECTION_NAME,SECTION_DESCRIPTION,SECTION_KEY,MULTIPLE_RECORDS_FLAG) values ('LUGANO_SPLEEN_ASSESMENT_SOFT_EDIT_CHECKS',null,'spleenSoftEditCheckOverride',null);
Insert into STD_SECTIONS (SECTION_NAME,SECTION_DESCRIPTION,SECTION_KEY,MULTIPLE_RECORDS_FLAG) values ('LUGANO_LIVER_ASSESSMENT',null,'liverAssessment',null);
Insert into STD_SECTIONS (SECTION_NAME,SECTION_DESCRIPTION,SECTION_KEY,MULTIPLE_RECORDS_FLAG) values ('LUGANO_PREVNEW_LESIONS',null,'previousNewLesions','Y');
Insert into STD_SECTIONS (SECTION_NAME,SECTION_DESCRIPTION,SECTION_KEY,MULTIPLE_RECORDS_FLAG) values ('LUGANO_NEW_LESIONS',null,'newLesions','Y');
Insert into STD_SECTIONS (SECTION_NAME,SECTION_DESCRIPTION,SECTION_KEY,MULTIPLE_RECORDS_FLAG) values ('LUGANO_GI_INVOLVEMENT',null,'gastroIntestinalInvolvement',null);
Insert into STD_SECTIONS (SECTION_NAME,SECTION_DESCRIPTION,SECTION_KEY,MULTIPLE_RECORDS_FLAG) values ('LUGANO_CT_MRI_OTR_ASSESSMENT',null,'overallAssessment',null);
Insert into STD_SECTIONS (SECTION_NAME,SECTION_DESCRIPTION,SECTION_KEY,MULTIPLE_RECORDS_FLAG) values ('LUGANO_CT_MRI_OTR_ASSESSMENT_SOFT_EDIT_CHECKS',null,'overallAssessmentSoftEditCheckOverride',null);
Insert into STD_SECTIONS (SECTION_NAME,SECTION_DESCRIPTION,SECTION_KEY,MULTIPLE_RECORDS_FLAG) values ('LUGANO_ANATOMICAL_COVERAGE',null,'anatomicalCoverage',null);
Insert into STD_SECTIONS (SECTION_NAME,SECTION_DESCRIPTION,SECTION_KEY,MULTIPLE_RECORDS_FLAG) values ('LUGANO_PET_ASESSMENT',null,'fdgpetScoringAssessment',null);
Insert into STD_SECTIONS (SECTION_NAME,SECTION_DESCRIPTION,SECTION_KEY,MULTIPLE_RECORDS_FLAG) values ('LUGANO_OTR_ASSESSMENT',null,'luganoOverallAssessment',null);
Insert into STD_SECTIONS (SECTION_NAME,SECTION_DESCRIPTION,SECTION_KEY,MULTIPLE_RECORDS_FLAG) values ('LUGANO_OTR_ASSESSMENT_SOFT_EDIT_CHECKS',null,'luganoOverallAssessmentSoftEditCheckOverride',null);
Insert into STD_SECTIONS (SECTION_NAME,SECTION_DESCRIPTION,SECTION_KEY,MULTIPLE_RECORDS_FLAG) values ('IMAGE_QUALITY','Image Quality','imageQualityAssessments.imageQualityAssessmentList','Y');
Insert into STD_SECTIONS (SECTION_NAME,SECTION_DESCRIPTION,SECTION_KEY,MULTIPLE_RECORDS_FLAG) values ('RECIST11_NON_NODAL_TARGET_LESIONS','Non nodal target lesions list','measuredNonNodalLesions','Y');
Insert into STD_SECTIONS (SECTION_NAME,SECTION_DESCRIPTION,SECTION_KEY,MULTIPLE_RECORDS_FLAG) values ('RECIST11_NODAL_TARGET_LESIONS','Nodal target lesions list','measuredNodalLesions','Y');
Insert into STD_SECTIONS (SECTION_NAME,SECTION_DESCRIPTION,SECTION_KEY,MULTIPLE_RECORDS_FLAG) values ('RECIST11_LESION_CALCULATIONS','Calculations based on target lesion measurements','calculations',null);
Insert into STD_SECTIONS (SECTION_NAME,SECTION_DESCRIPTION,SECTION_KEY,MULTIPLE_RECORDS_FLAG) values ('RECIST11_NON_TARGET_LESIONS','Non target lesions list','nonMeasuredLesions','Y');
Insert into STD_SECTIONS (SECTION_NAME,SECTION_DESCRIPTION,SECTION_KEY,MULTIPLE_RECORDS_FLAG) values ('RECIST11_TARGET_ASSESSMENTS','Target assessments','overallMeasuredLesionAssessment',null);
Insert into STD_SECTIONS (SECTION_NAME,SECTION_DESCRIPTION,SECTION_KEY,MULTIPLE_RECORDS_FLAG) values ('RECIST11_TARGET_ASSESSMENT_SOFT_EDIT_CHECKS','Reasons for overriding target assessment','overallMeasuredAssessmentSoftEditCheckOverride',null);
Insert into STD_SECTIONS (SECTION_NAME,SECTION_DESCRIPTION,SECTION_KEY,MULTIPLE_RECORDS_FLAG) values ('RECIST11_NON_TARGET_ASSESSMENTS','Non Target assessments','overallNonMeasuredLesionAssessment',null);
Insert into STD_SECTIONS (SECTION_NAME,SECTION_DESCRIPTION,SECTION_KEY,MULTIPLE_RECORDS_FLAG) values ('RECIST11_NON_TARGET_ASSESSMENT_SOFT_EDIT_CHECKS','Reasons for overriding Non target assessment','overallNonMeasuredAssessmentSoftEditCheckOverride',null);
Insert into STD_SECTIONS (SECTION_NAME,SECTION_DESCRIPTION,SECTION_KEY,MULTIPLE_RECORDS_FLAG) values ('RECIST11_OVERALL_ASSESSMENTS','Overall Assessments','overallAssessment',null);
Insert into STD_SECTIONS (SECTION_NAME,SECTION_DESCRIPTION,SECTION_KEY,MULTIPLE_RECORDS_FLAG) values ('RECIST11_OVERALL_ASSESSMENTS_SOFT_EDIT_CHECKS','Reasons for overriding Overall Assessments','overallAssessmentSoftEditCheckOverride',null);
Insert into STD_SECTIONS (SECTION_NAME,SECTION_DESCRIPTION,SECTION_KEY,MULTIPLE_RECORDS_FLAG) values ('RECIST11_PREVNEW_EQUIVOCAL_LESIONS','List of new equivocal lesions identified after baseline and before current timepoint','previousNewEquivocalLesions','Y');
Insert into STD_SECTIONS (SECTION_NAME,SECTION_DESCRIPTION,SECTION_KEY,MULTIPLE_RECORDS_FLAG) values ('RECIST11_NEW_EQUIVOCAL_LESIONS','List of new equivocal lesions identified in current timepoint','newEquivocalLesions','Y');
Insert into STD_SECTIONS (SECTION_NAME,SECTION_DESCRIPTION,SECTION_KEY,MULTIPLE_RECORDS_FLAG) values ('RECIST11_PREVNEW_UNEQUIVOCAL_LESIONS','List of new unequivocal lesions identified after baseline and before current timepoint','previousNewUnequivocalLesions','Y');
Insert into STD_SECTIONS (SECTION_NAME,SECTION_DESCRIPTION,SECTION_KEY,MULTIPLE_RECORDS_FLAG) values ('RECIST11_NEW_UNEQUIVOCAL_LESIONS','List of new unequivocal lesions identified in current timepoint','newUnequivocalLesions','Y');
Insert into STD_SECTIONS (SECTION_NAME,SECTION_DESCRIPTION,SECTION_KEY,MULTIPLE_RECORDS_FLAG) values ('FDG_PET','FDG PET assessment','petAssessment',null);
Insert into STD_SECTIONS (SECTION_NAME,SECTION_DESCRIPTION,SECTION_KEY,MULTIPLE_RECORDS_FLAG) values ('RECIST11_BASELINE_DISEASE_STATUS','Absence of disease',null,null);
Insert into STD_SECTIONS (SECTION_NAME,SECTION_DESCRIPTION,SECTION_KEY,MULTIPLE_RECORDS_FLAG) values ('IRECIST_NEW_TARGET_NON_NODAL_LESIONS','New non nodal lesions identified after IUPD status','newMeasuredNonNodalLesions','Y');
Insert into STD_SECTIONS (SECTION_NAME,SECTION_DESCRIPTION,SECTION_KEY,MULTIPLE_RECORDS_FLAG) values ('IRECIST_NEW_TARGET_NODAL_LESIONS','New nodal lesions identified after IUPD status','newMeasuredNodalLesions.count','Y');
Insert into STD_SECTIONS (SECTION_NAME,SECTION_DESCRIPTION,SECTION_KEY,MULTIPLE_RECORDS_FLAG) values ('IRECIST_NEW_NON_TARGET_LESIONS','New target lesions identified after UPD status','newMeasuredNonNodalLesions','Y');
Insert into STD_SECTIONS (SECTION_NAME,SECTION_DESCRIPTION,SECTION_KEY,MULTIPLE_RECORDS_FLAG) values ('IRECIST_OVERALL_TUMOR_RESPONSE','IRECIST assessment of overall tumor response','irecistOverallAssessment',null);
Insert into STD_SECTIONS (SECTION_NAME,SECTION_DESCRIPTION,SECTION_KEY,MULTIPLE_RECORDS_FLAG) values ('IRECIST_OVERALL_TUMOR_RESPONSE_SOFT_EDIT_CHECK','Override reasons and comments for IRECIST overall tumor response assessment','irecistOverallAssessmentSoftEditCheckOverride',null);
Insert into STD_SECTIONS (SECTION_NAME,SECTION_DESCRIPTION,SECTION_KEY,MULTIPLE_RECORDS_FLAG) values ('IRECIST_TARGET_CALCULATIONS_SINCE_IUPD','IRECIST specific target calculations','calculations',null);
Insert into STD_SECTIONS (SECTION_NAME,SECTION_DESCRIPTION,SECTION_KEY,MULTIPLE_RECORDS_FLAG) values ('IRECIST_TARGET_LESIONS_ASSESSMENT','IRECIST assessment of target lesions','irecistOverallMeasuredLesionAssessment',null);
Insert into STD_SECTIONS (SECTION_NAME,SECTION_DESCRIPTION,SECTION_KEY,MULTIPLE_RECORDS_FLAG) values ('IRECIST_TARGET_LESIONS_ASSESSMENT_SOFT_EDIT_CHECKS','Override reasons and comments for IRECIST assessment of target lesions','irecistOverallMeasuredAssessmentSoftEditCheckOverride',null);
Insert into STD_SECTIONS (SECTION_NAME,SECTION_DESCRIPTION,SECTION_KEY,MULTIPLE_RECORDS_FLAG) values ('IRECIST_NON_TARGET_LESIONS_ASSESSMENT','IRECIST assessment of non-target lesions','irecistOverallNonMeasuredLesionAssessment',null);
Insert into STD_SECTIONS (SECTION_NAME,SECTION_DESCRIPTION,SECTION_KEY,MULTIPLE_RECORDS_FLAG) values ('IRECIST_NON_TARGET_LESIONS_ASSESSMENT_SOFT_EDIT_CHECKS','Override reasons and comments for IRECIST assessment of non-target lesions','irecistOverallNonMeasuredAssessmentSoftEditCheckOverride',null);
Insert into STD_SECTIONS (SECTION_NAME,SECTION_DESCRIPTION,SECTION_KEY,MULTIPLE_RECORDS_FLAG) values ('IRECIST_PREVNEW_TARGET_NON_NODAL_LESIONS','List of new non nodal lesions identified after baseline and before current timepoint','previousNewNonNodalLesions','Y');
Insert into STD_SECTIONS (SECTION_NAME,SECTION_DESCRIPTION,SECTION_KEY,MULTIPLE_RECORDS_FLAG) values ('IRECIST_PREVNEW_TARGET_NODAL_LESIONS','List of new nodal lesions identified after baseline and before current timepoint','previousNewNodalLesions','Y');
Insert into STD_SECTIONS (SECTION_NAME,SECTION_DESCRIPTION,SECTION_KEY,MULTIPLE_RECORDS_FLAG) values ('IRECIST_PREVNEW_NON_TARGET_LESIONS','List of new non target lesions identified after baseline and before current timepoint','previousNewNonMeasuredLesions','Y');
Insert into STD_SECTIONS (SECTION_NAME,SECTION_DESCRIPTION,SECTION_KEY,MULTIPLE_RECORDS_FLAG) values ('IRECIST_CALCULATIONS_NEW_TARGET_LESIONS','IRECIST specific new target lesions calculations','irecistCalculations',null);
Insert into STD_SECTIONS (SECTION_NAME,SECTION_DESCRIPTION,SECTION_KEY,MULTIPLE_RECORDS_FLAG) values ('IRECIST_NEW_LESION_TARGET_ASSESSMENT','IRECIST assessment of new target lesions','irecistOverallNewMeasuredLesionAssessment',null);
Insert into STD_SECTIONS (SECTION_NAME,SECTION_DESCRIPTION,SECTION_KEY,MULTIPLE_RECORDS_FLAG) values ('IRECIST_NEW_LESION_TARGET_ASSESSMENT_SOFT_EDIT_CHECKS','Override reasons and comments for IRECIST assessment of new target lesions','OverallNewMeasuredLesionAssessmentSoftEditCheckOverride',null);
Insert into STD_SECTIONS (SECTION_NAME,SECTION_DESCRIPTION,SECTION_KEY,MULTIPLE_RECORDS_FLAG) values ('IRECIST_NEW_LESION_NON_TARGET_ASSESSMENT','IRECIST assessment of new non target lesions','overallNonMeasuredLesionAssessment',null);
Insert into STD_SECTIONS (SECTION_NAME,SECTION_DESCRIPTION,SECTION_KEY,MULTIPLE_RECORDS_FLAG) values ('IRECIST_NEW_LESION_NON_TARGET_ASSESSMENT_SOFT_EDIT_CHECKS','Override reasons and comments for IRECIST assessment of new non target lesions','OverallNonMeasuredLesionAssessmentSoftEditCheckOverride',null);
Insert into STD_SECTIONS (SECTION_NAME,SECTION_DESCRIPTION,SECTION_KEY,MULTIPLE_RECORDS_FLAG) values ('TIMEPOINT_COMMENTS','Timepoint comments',null,null);
REM INSERTING into STD_SECTION_OBSERVATIONS
SET DEFINE OFF;
Insert into STD_SECTION_OBSERVATIONS (SECTION_NAME,SEQUENCE,OBSERVATION_CODE,KEY,CHECKBOX) values ('RECIST11_PREVNEW_UNEQUIVOCAL_LESIONS',3,'OVERLAY_IMAGE_RECID','overlay.imageRecID',null);
Insert into STD_SECTION_OBSERVATIONS (SECTION_NAME,SEQUENCE,OBSERVATION_CODE,KEY,CHECKBOX) values ('RECIST11_PREVNEW_UNEQUIVOCAL_LESIONS',4,'OVERLAY_IMAGE_SERIES','overlay.imageTitle',null);
Insert into STD_SECTION_OBSERVATIONS (SECTION_NAME,SEQUENCE,OBSERVATION_CODE,KEY,CHECKBOX) values ('RECIST11_PREVNEW_UNEQUIVOCAL_LESIONS',5,'OVERLAY_IMAGE_SLICE_NO','overlay.sliceNumber',null);
Insert into STD_SECTION_OBSERVATIONS (SECTION_NAME,SEQUENCE,OBSERVATION_CODE,KEY,CHECKBOX) values ('RECIST11_PREVNEW_UNEQUIVOCAL_LESIONS',6,'LESION_LOCATION','location',null);
Insert into STD_SECTION_OBSERVATIONS (SECTION_NAME,SEQUENCE,OBSERVATION_CODE,KEY,CHECKBOX) values ('RECIST11_PREVNEW_UNEQUIVOCAL_LESIONS',7,'LESION_LOCATION_DESCRIPTION','locationDescription',null);
Insert into STD_SECTION_OBSERVATIONS (SECTION_NAME,SEQUENCE,OBSERVATION_CODE,KEY,CHECKBOX) values ('RECIST11_PREVNEW_UNEQUIVOCAL_LESIONS',8,'LESION_ASSESSMENT','assessment',null);
Insert into STD_SECTION_OBSERVATIONS (SECTION_NAME,SEQUENCE,OBSERVATION_CODE,KEY,CHECKBOX) values ('RECIST11_PREVNEW_UNEQUIVOCAL_LESIONS',9,'CORRESPONDING_IMAGE_RECID','imageRecId',null);
Insert into STD_SECTION_OBSERVATIONS (SECTION_NAME,SEQUENCE,OBSERVATION_CODE,KEY,CHECKBOX) values ('RECIST11_PREVNEW_UNEQUIVOCAL_LESIONS',10,'CORRESPONDING_IMAGE_SERIES','imageName',null);
Insert into STD_SECTION_OBSERVATIONS (SECTION_NAME,SEQUENCE,OBSERVATION_CODE,KEY,CHECKBOX) values ('RECIST11_PREVNEW_UNEQUIVOCAL_LESIONS',11,'REASON_NOT_EVALUABLE','lesionReasonNotEvaluableIssues','Y');
Insert into STD_SECTION_OBSERVATIONS (SECTION_NAME,SEQUENCE,OBSERVATION_CODE,KEY,CHECKBOX) values ('RECIST11_PREVNEW_UNEQUIVOCAL_LESIONS',12,'REASON_NOT_EVALUABLE_COMMENT','unknownComments',null);
Insert into STD_SECTION_OBSERVATIONS (SECTION_NAME,SEQUENCE,OBSERVATION_CODE,KEY,CHECKBOX) values ('RECIST11_PREVNEW_UNEQUIVOCAL_LESIONS',13,'LESION_COMMENTS','comments',null);
Insert into STD_SECTION_OBSERVATIONS (SECTION_NAME,SEQUENCE,OBSERVATION_CODE,KEY,CHECKBOX) values ('RECIST11_TARGET_ASSESSMENTS',1,'TRGRESP','value',null);
Insert into STD_SECTION_OBSERVATIONS (SECTION_NAME,SEQUENCE,OBSERVATION_CODE,KEY,CHECKBOX) values ('RECIST11_TARGET_ASSESSMENTS',2,'TARGET_NE_COMMENTS','unknownComments',null);
Insert into STD_SECTION_OBSERVATIONS (SECTION_NAME,SEQUENCE,OBSERVATION_CODE,KEY,CHECKBOX) values ('RECIST11_TARGET_ASSESSMENTS',3,'TARGET_ASSESSMENT_COMMENTS','comments',null);
Insert into STD_SECTION_OBSERVATIONS (SECTION_NAME,SEQUENCE,OBSERVATION_CODE,KEY,CHECKBOX) values ('RECIST11_TARGET_ASSESSMENTS_SOFT_EDIT_CHECKS',1,'TARGET_OVERRIDE_REASONS','overrideReasons','Y');
Insert into STD_SECTION_OBSERVATIONS (SECTION_NAME,SEQUENCE,OBSERVATION_CODE,KEY,CHECKBOX) values ('RECIST11_TARGET_ASSESSMENTS_SOFT_EDIT_CHECKS',2,'TARGET_OVERRIDE_COMMENTS','comments',null);
Insert into STD_SECTION_OBSERVATIONS (SECTION_NAME,SEQUENCE,OBSERVATION_CODE,KEY,CHECKBOX) values ('TIMEPOINT_COMMENTS',1,'TIMEPOINT_COMMENTS','generalComments',null);
Insert into STD_SECTION_OBSERVATIONS (SECTION_NAME,SEQUENCE,  ,KEY,CHECKBOX) values ('LUGANO_TARGET_NODES',1,'LESION_ID','name',null);
Insert into STD_SECTION_OBSERVATIONS (SECTION_NAME,SEQUENCE,OBSERVATION_CODE,KEY,CHECKBOX) values ('LUGANO_TARGET_NODES',2,'LDIAM','overlay.primaryLength',null);
Insert into STD_SECTION_OBSERVATIONS (SECTION_NAME,SEQUENCE,OBSERVATION_CODE,KEY,CHECKBOX) values ('LUGANO_TARGET_NODES',3,'LPERP','overlay.orthogonalLength',null);
Insert into STD_SECTION_OBSERVATIONS (SECTION_NAME,SEQUENCE,OBSERVATION_CODE,KEY,CHECKBOX) values ('LUGANO_TARGET_NODES',4,'PPD','overlay.crossProduct',null);
Insert into STD_SECTION_OBSERVATIONS (SECTION_NAME,SEQUENCE,OBSERVATION_CODE,KEY,CHECKBOX) values ('LUGANO_TARGET_NODES',5,'MEASUREMENT_UNITS','overlay.units',null);
Insert into STD_SECTION_OBSERVATIONS (SECTION_NAME,SEQUENCE,OBSERVATION_CODE,KEY,CHECKBOX) values ('LUGANO_TARGET_NODES',6,'OVERLAY_IMAGE_RECID','overlay.imageRecID',null);
Insert into STD_SECTION_OBSERVATIONS (SECTION_NAME,SEQUENCE,OBSERVATION_CODE,KEY,CHECKBOX) values ('LUGANO_TARGET_NODES',7,'OVERLAY_IMAGE_SERIES','overlay.imageTitle',null);
Insert into STD_SECTION_OBSERVATIONS (SECTION_NAME,SEQUENCE,OBSERVATION_CODE,KEY,CHECKBOX) values ('LUGANO_TARGET_NODES',8,'OVERLAY_IMAGE_SLICE_NO','overlay.sliceNumber',null);
Insert into STD_SECTION_OBSERVATIONS (SECTION_NAME,SEQUENCE,OBSERVATION_CODE,KEY,CHECKBOX) values ('LUGANO_TARGET_NODES',9,'LESION_LOCATION','location',null);
Insert into STD_SECTION_OBSERVATIONS (SECTION_NAME,SEQUENCE,OBSERVATION_CODE,KEY,CHECKBOX) values ('LUGANO_TARGET_NODES',10,'LESION_LOCATION_DESCRIPTION','locationDescription',null);
Insert into STD_SECTION_OBSERVATIONS (SECTION_NAME,SEQUENCE,OBSERVATION_CODE,KEY,CHECKBOX) values ('LUGANO_TARGET_NODES',11,'REASON_NOT_MEASURED','reasonNoOverlay',null);
Insert into STD_SECTION_OBSERVATIONS (SECTION_NAME,SEQUENCE,OBSERVATION_CODE,KEY,CHECKBOX) values ('LUGANO_TARGET_NODES',12,'REASON_PERP_NOT_MEASURED','overlay.reasonOrthogonalNotMeasured',null);
Insert into STD_SECTION_OBSERVATIONS (SECTION_NAME,SEQUENCE,OBSERVATION_CODE,KEY,CHECKBOX) values ('LUGANO_TARGET_NODES',13,'CORRESPONDING_IMAGE_RECID','imageRecID',null);
Insert into STD_SECTION_OBSERVATIONS (SECTION_NAME,SEQUENCE,OBSERVATION_CODE,KEY,CHECKBOX) values ('LUGANO_TARGET_NODES',14,'CORRESPONDING_IMAGE_SERIES','imageName',null);
Insert into STD_SECTION_OBSERVATIONS (SECTION_NAME,SEQUENCE,OBSERVATION_CODE,KEY,CHECKBOX) values ('LUGANO_TARGET_NODES',15,'REASON_NOT_EVALUABLE','lesionReasonNotEvaluableIssues','Y');
Insert into STD_SECTION_OBSERVATIONS (SECTION_NAME,SEQUENCE,OBSERVATION_CODE,KEY,CHECKBOX) values ('LUGANO_TARGET_NODES',16,'REASON_NOT_EVALUABLE_COMMENT','unknownComments',null);
Insert into STD_SECTION_OBSERVATIONS (SECTION_NAME,SEQUENCE,OBSERVATION_CODE,KEY,CHECKBOX) values ('LUGANO_TARGET_NODES',17,'LESION_COMMENTS','comments',null);
Insert into STD_SECTION_OBSERVATIONS (SECTION_NAME,SEQUENCE,OBSERVATION_CODE,KEY,CHECKBOX) values ('LUGANO_TARGET_EXTRA_NODAL',1,'LESION_ID','name',null);
Insert into STD_SECTION_OBSERVATIONS (SECTION_NAME,SEQUENCE,OBSERVATION_CODE,KEY,CHECKBOX) values ('LUGANO_TARGET_EXTRA_NODAL',2,'LDIAM','overlay.primaryLength',null);
Insert into STD_SECTION_OBSERVATIONS (SECTION_NAME,SEQUENCE,OBSERVATION_CODE,KEY,CHECKBOX) values ('LUGANO_TARGET_EXTRA_NODAL',3,'LPERP','overlay.orthogonalLength',null);
Insert into STD_SECTION_OBSERVATIONS (SECTION_NAME,SEQUENCE,OBSERVATION_CODE,KEY,CHECKBOX) values ('LUGANO_TARGET_EXTRA_NODAL',4,'PPD','overlay.crossProduct',null);
Insert into STD_SECTION_OBSERVATIONS (SECTION_NAME,SEQUENCE,OBSERVATION_CODE,KEY,CHECKBOX) values ('LUGANO_TARGET_EXTRA_NODAL',5,'MEASUREMENT_UNITS','overlay.units',null);
Insert into STD_SECTION_OBSERVATIONS (SECTION_NAME,SEQUENCE,OBSERVATION_CODE,KEY,CHECKBOX) values ('LUGANO_TARGET_EXTRA_NODAL',6,'OVERLAY_IMAGE_RECID','overlay.imageRecID',null);
Insert into STD_SECTION_OBSERVATIONS (SECTION_NAME,SEQUENCE,OBSERVATION_CODE,KEY,CHECKBOX) values ('LUGANO_TARGET_EXTRA_NODAL',7,'OVERLAY_IMAGE_SERIES','overlay.imageTitle',null);
Insert into STD_SECTION_OBSERVATIONS (SECTION_NAME,SEQUENCE,OBSERVATION_CODE,KEY,CHECKBOX) values ('LUGANO_TARGET_EXTRA_NODAL',8,'OVERLAY_IMAGE_SLICE_NO','overlay.sliceNumber',null);
Insert into STD_SECTION_OBSERVATIONS (SECTION_NAME,SEQUENCE,OBSERVATION_CODE,KEY,CHECKBOX) values ('LUGANO_TARGET_EXTRA_NODAL',9,'LESION_LOCATION','location',null);
Insert into STD_SECTION_OBSERVATIONS (SECTION_NAME,SEQUENCE,OBSERVATION_CODE,KEY,CHECKBOX) values ('LUGANO_TARGET_EXTRA_NODAL',10,'LESION_LOCATION_DESCRIPTION','locationDescription',null);
Insert into STD_SECTION_OBSERVATIONS (SECTION_NAME,SEQUENCE,OBSERVATION_CODE,KEY,CHECKBOX) values ('LUGANO_TARGET_EXTRA_NODAL',11,'REASON_NOT_MEASURED','reasonNoOverlay',null);
Insert into STD_SECTION_OBSERVATIONS (SECTION_NAME,SEQUENCE,OBSERVATION_CODE,KEY,CHECKBOX) values ('LUGANO_TARGET_EXTRA_NODAL',12,'REASON_PERP_NOT_MEASURED','overlay.reasonOrthogonalNotMeasured',null);
Insert into STD_SECTION_OBSERVATIONS (SECTION_NAME,SEQUENCE,OBSERVATION_CODE,KEY,CHECKBOX) values ('LUGANO_TARGET_EXTRA_NODAL',13,'CORRESPONDING_IMAGE_RECID','imageRecID',null);
Insert into STD_SECTION_OBSERVATIONS (SECTION_NAME,SEQUENCE,OBSERVATION_CODE,KEY,CHECKBOX) values ('LUGANO_TARGET_EXTRA_NODAL',14,'CORRESPONDING_IMAGE_SERIES','imageName',null);
Insert into STD_SECTION_OBSERVATIONS (SECTION_NAME,SEQUENCE,OBSERVATION_CODE,KEY,CHECKBOX) values ('LUGANO_TARGET_EXTRA_NODAL',15,'REASON_NOT_EVALUABLE','lesionReasonNotEvaluableIssues','Y');
Insert into STD_SECTION_OBSERVATIONS (SECTION_NAME,SEQUENCE,OBSERVATION_CODE,KEY,CHECKBOX) values ('LUGANO_TARGET_EXTRA_NODAL',16,'REASON_NOT_EVALUABLE_COMMENT','unknownComments',null);
Insert into STD_SECTION_OBSERVATIONS (SECTION_NAME,SEQUENCE,OBSERVATION_CODE,KEY,CHECKBOX) values ('LUGANO_TARGET_EXTRA_NODAL',17,'LESION_COMMENTS','comments',null);
Insert into STD_SECTION_OBSERVATIONS (SECTION_NAME,SEQUENCE,OBSERVATION_CODE,KEY,CHECKBOX) values ('LUGANO_NON_TARGET_LESIONS',1,'LESION_ID','name',null);
Insert into STD_SECTION_OBSERVATIONS (SECTION_NAME,SEQUENCE,OBSERVATION_CODE,KEY,CHECKBOX) values ('LUGANO_NON_TARGET_LESIONS',2,'OVERLAY_IMAGE_RECID','overlay.imageRecID',null);
Insert into STD_SECTION_OBSERVATIONS (SECTION_NAME,SEQUENCE,OBSERVATION_CODE,KEY,CHECKBOX) values ('LUGANO_NON_TARGET_LESIONS',3,'OVERLAY_IMAGE_SERIES','overlay.imageTitle',null);
Insert into STD_SECTION_OBSERVATIONS (SECTION_NAME,SEQUENCE,OBSERVATION_CODE,KEY,CHECKBOX) values ('LUGANO_NON_TARGET_LESIONS',4,'OVERLAY_IMAGE_SLICE_NO','overlay.sliceNumber',null);
Insert into STD_SECTION_OBSERVATIONS (SECTION_NAME,SEQUENCE,OBSERVATION_CODE,KEY,CHECKBOX) values ('LUGANO_NON_TARGET_LESIONS',5,'LESION_LOCATION','location',null);
Insert into STD_SECTION_OBSERVATIONS (SECTION_NAME,SEQUENCE,OBSERVATION_CODE,KEY,CHECKBOX) values ('LUGANO_NON_TARGET_LESIONS',6,'LESION_LOCATION_DESCRIPTION','locationDescription',null);
Insert into STD_SECTION_OBSERVATIONS (SECTION_NAME,SEQUENCE,OBSERVATION_CODE,KEY,CHECKBOX) values ('LUGANO_NON_TARGET_LESIONS',8,'CORRESPONDING_IMAGE_RECID','imageRecID',null);
Insert into STD_SECTION_OBSERVATIONS (SECTION_NAME,SEQUENCE,OBSERVATION_CODE,KEY,CHECKBOX) values ('LUGANO_NON_TARGET_LESIONS',9,'CORRESPONDING_IMAGE_SERIES','imageName',null);
Insert into STD_SECTION_OBSERVATIONS (SECTION_NAME,SEQUENCE,OBSERVATION_CODE,KEY,CHECKBOX) values ('LUGANO_NON_TARGET_LESIONS',10,'REASON_NOT_EVALUABLE','lesionReasonNotEvaluableIssues',null);
Insert into STD_SECTION_OBSERVATIONS (SECTION_NAME,SEQUENCE,OBSERVATION_CODE,KEY,CHECKBOX) values ('LUGANO_NON_TARGET_LESIONS',11,'REASON_NOT_EVALUABLE_COMMENT','unknownComments',null);
Insert into STD_SECTION_OBSERVATIONS (SECTION_NAME,SEQUENCE,OBSERVATION_CODE,KEY,CHECKBOX) values ('LUGANO_NON_TARGET_LESIONS',12,'LESION_COMMENTS','comments',null);
Insert into STD_SECTION_OBSERVATIONS (SECTION_NAME,SEQUENCE,OBSERVATION_CODE,KEY,CHECKBOX) values ('LUGANO_NON_TARGET_LESIONS',7,'LESION_ASSESSMENT','assessment',null);
Insert into STD_SECTION_OBSERVATIONS (SECTION_NAME,SEQUENCE,OBSERVATION_CODE,KEY,CHECKBOX) values ('LUGANO_PREVNEW_LESIONS',1,'LESION_ID','name',null);
Insert into STD_SECTION_OBSERVATIONS (SECTION_NAME,SEQUENCE,OBSERVATION_CODE,KEY,CHECKBOX) values ('LUGANO_PREVNEW_LESIONS',4,'LDIAM','overlay.primaryLength',null);
Insert into STD_SECTION_OBSERVATIONS (SECTION_NAME,SEQUENCE,OBSERVATION_CODE,KEY,CHECKBOX) values ('LUGANO_PREVNEW_LESIONS',5,'LPERP','overlay.orthogonalLength',null);
Insert into STD_SECTION_OBSERVATIONS (SECTION_NAME,SEQUENCE,OBSERVATION_CODE,KEY,CHECKBOX) values ('LUGANO_PREVNEW_LESIONS',6,'PPD','overlay.crossProduct',null);
Insert into STD_SECTION_OBSERVATIONS (SECTION_NAME,SEQUENCE,OBSERVATION_CODE,KEY,CHECKBOX) values ('LUGANO_PREVNEW_LESIONS',7,'MEASUREMENT_UNITS','overlay.units',null);
Insert into STD_SECTION_OBSERVATIONS (SECTION_NAME,SEQUENCE,OBSERVATION_CODE,KEY,CHECKBOX) values ('LUGANO_PREVNEW_LESIONS',8,'OVERLAY_IMAGE_RECID','overlay.imageRecID',null);
Insert into STD_SECTION_OBSERVATIONS (SECTION_NAME,SEQUENCE,OBSERVATION_CODE,KEY,CHECKBOX) values ('LUGANO_PREVNEW_LESIONS',9,'OVERLAY_IMAGE_SERIES','overlay.imageTitle',null);
Insert into STD_SECTION_OBSERVATIONS (SECTION_NAME,SEQUENCE,OBSERVATION_CODE,KEY,CHECKBOX) values ('LUGANO_PREVNEW_LESIONS',10,'OVERLAY_IMAGE_SLICE_NO','overlay.sliceNumber',null);
Insert into STD_SECTION_OBSERVATIONS (SECTION_NAME,SEQUENCE,OBSERVATION_CODE,KEY,CHECKBOX) values ('LUGANO_PREVNEW_LESIONS',11,'LESION_LOCATION','location',null);
Insert into STD_SECTION_OBSERVATIONS (SECTION_NAME,SEQUENCE,OBSERVATION_CODE,KEY,CHECKBOX) values ('LUGANO_PREVNEW_LESIONS',12,'LESION_LOCATION_DESCRIPTION','locationDescription',null);
Insert into STD_SECTION_OBSERVATIONS (SECTION_NAME,SEQUENCE,OBSERVATION_CODE,KEY,CHECKBOX) values ('LUGANO_PREVNEW_LESIONS',13,'PET_NEGATIVE',null,null);
Insert into STD_SECTION_OBSERVATIONS (SECTION_NAME,SEQUENCE,OBSERVATION_CODE,KEY,CHECKBOX) values ('LUGANO_PREVNEW_LESIONS',13,'REASON_NOT_MEASURED','reasonNoOverlay',null);
Insert into STD_SECTION_OBSERVATIONS (SECTION_NAME,SEQUENCE,OBSERVATION_CODE,KEY,CHECKBOX) values ('LUGANO_PREVNEW_LESIONS',14,'REASON_PERP_NOT_MEASURED','overlay.reasonOrthogonalNotMeasured',null);
Insert into STD_SECTION_OBSERVATIONS (SECTION_NAME,SEQUENCE,OBSERVATION_CODE,KEY,CHECKBOX) values ('LUGANO_PREVNEW_LESIONS',15,'CORRESPONDING_IMAGE_RECID','imageRecID',null);
Insert into STD_SECTION_OBSERVATIONS (SECTION_NAME,SEQUENCE,OBSERVATION_CODE,KEY,CHECKBOX) values ('LUGANO_PREVNEW_LESIONS',16,'CORRESPONDING_IMAGE_SERIES','imageName',null);
Insert into STD_SECTION_OBSERVATIONS (SECTION_NAME,SEQUENCE,OBSERVATION_CODE,KEY,CHECKBOX) values ('LUGANO_PREVNEW_LESIONS',17,'REASON_NOT_EVALUABLE','lesionReasonNotEvaluableIssues','Y');
Insert into STD_SECTION_OBSERVATIONS (SECTION_NAME,SEQUENCE,OBSERVATION_CODE,KEY,CHECKBOX) values ('LUGANO_PREVNEW_LESIONS',18,'REASON_NOT_EVALUABLE_COMMENT','unknownComments',null);
Insert into STD_SECTION_OBSERVATIONS (SECTION_NAME,SEQUENCE,OBSERVATION_CODE,KEY,CHECKBOX) values ('LUGANO_PREVNEW_LESIONS',19,'LESION_COMMENTS','comments',null);
Insert into STD_SECTION_OBSERVATIONS (SECTION_NAME,SEQUENCE,OBSERVATION_CODE,KEY,CHECKBOX) values ('LUGANO_PREVNEW_LESIONS',2,'FIRST_TP_NAME','firstMeasuredTimepoint.blindedName',null);
Insert into STD_SECTION_OBSERVATIONS (SECTION_NAME,SEQUENCE,OBSERVATION_CODE,KEY,CHECKBOX) values ('LUGANO_PREVNEW_LESIONS',3,'LUGANO_LESION_TYPE','l_type',null);
Insert into STD_SECTION_OBSERVATIONS (SECTION_NAME,SEQUENCE,OBSERVATION_CODE,KEY,CHECKBOX) values ('LUGANO_PREVNEW_LESIONS',20,'LESION_STATUS','status',null);
Insert into STD_SECTION_OBSERVATIONS (SECTION_NAME,SEQUENCE,OBSERVATION_CODE,KEY,CHECKBOX) values ('LUGANO_NEW_LESIONS',1,'LESION_ID','name',null);
Insert into STD_SECTION_OBSERVATIONS (SECTION_NAME,SEQUENCE,OBSERVATION_CODE,KEY,CHECKBOX) values ('LUGANO_NEW_LESIONS',2,'LDIAM','overlay.primaryLength',null);
Insert into STD_SECTION_OBSERVATIONS (SECTION_NAME,SEQUENCE,OBSERVATION_CODE,KEY,CHECKBOX) values ('LUGANO_NEW_LESIONS',3,'LPERP','overlay.orthogonalLength',null);
Insert into STD_SECTION_OBSERVATIONS (SECTION_NAME,SEQUENCE,OBSERVATION_CODE,KEY,CHECKBOX) values ('LUGANO_NEW_LESIONS',4,'PPD','overlay.crossProduct',null);
Insert into STD_SECTION_OBSERVATIONS (SECTION_NAME,SEQUENCE,OBSERVATION_CODE,KEY,CHECKBOX) values ('LUGANO_NEW_LESIONS',5,'MEASUREMENT_UNITS','overlay.units',null);
Insert into STD_SECTION_OBSERVATIONS (SECTION_NAME,SEQUENCE,OBSERVATION_CODE,KEY,CHECKBOX) values ('LUGANO_NEW_LESIONS',6,'OVERLAY_IMAGE_RECID','overlay.imageRecID',null);
Insert into STD_SECTION_OBSERVATIONS (SECTION_NAME,SEQUENCE,OBSERVATION_CODE,KEY,CHECKBOX) values ('LUGANO_NEW_LESIONS',7,'OVERLAY_IMAGE_SERIES','overlay.imageTitle',null);
Insert into STD_SECTION_OBSERVATIONS (SECTION_NAME,SEQUENCE,OBSERVATION_CODE,KEY,CHECKBOX) values ('LUGANO_NEW_LESIONS',8,'OVERLAY_IMAGE_SLICE_NO','overlay.sliceNumber',null);
Insert into STD_SECTION_OBSERVATIONS (SECTION_NAME,SEQUENCE,OBSERVATION_CODE,KEY,CHECKBOX) values ('LUGANO_NEW_LESIONS',11,'LESION_LOCATION','location',null);
Insert into STD_SECTION_OBSERVATIONS (SECTION_NAME,SEQUENCE,OBSERVATION_CODE,KEY,CHECKBOX) values ('LUGANO_NEW_LESIONS',12,'LESION_LOCATION_DESCRIPTION','locationDescription',null);
Insert into STD_SECTION_OBSERVATIONS (SECTION_NAME,SEQUENCE,OBSERVATION_CODE,KEY,CHECKBOX) values ('LUGANO_NEW_LESIONS',10,'PET_NEGATIVE',null,null);
Insert into STD_SECTION_OBSERVATIONS (SECTION_NAME,SEQUENCE,OBSERVATION_CODE,KEY,CHECKBOX) values ('LUGANO_NEW_LESIONS',13,'LESION_COMMENTS','comments',null);
Insert into STD_SECTION_OBSERVATIONS (SECTION_NAME,SEQUENCE,OBSERVATION_CODE,KEY,CHECKBOX) values ('LUGANO_NEW_LESIONS',9,'LUGANO_LESION_TYPE','l_type',null);
Insert into STD_SECTION_OBSERVATIONS (SECTION_NAME,SEQUENCE,OBSERVATION_CODE,KEY,CHECKBOX) values ('LUGANO_TARGET_INDIVIDUAL_CALCULATIONS',1,'LUGANO_TIC_LESION_ID','lesionName',null);
Insert into STD_SECTION_OBSERVATIONS (SECTION_NAME,SEQUENCE,OBSERVATION_CODE,KEY,CHECKBOX) values ('LUGANO_TARGET_INDIVIDUAL_CALCULATIONS',2,'LUGANO_TIC_ACPPDNLD','actualChangeOfPrimaryDiameterFromPPDNadir',null);
Insert into STD_SECTION_OBSERVATIONS (SECTION_NAME,SEQUENCE,OBSERVATION_CODE,KEY,CHECKBOX) values ('LUGANO_TARGET_INDIVIDUAL_CALCULATIONS',3,'LUGANO_TIC_ACPPDNLP','actualChangeOfPerpendicularDiameterFromNadir',null);
Insert into STD_SECTION_OBSERVATIONS (SECTION_NAME,SEQUENCE,OBSERVATION_CODE,KEY,CHECKBOX) values ('LUGANO_TARGET_INDIVIDUAL_CALCULATIONS',4,'LUGANO_TIC_ACPPDNLD_DISPTEXT','ppdNadirDisplayText',null);
Insert into STD_SECTION_OBSERVATIONS (SECTION_NAME,SEQUENCE,OBSERVATION_CODE,KEY,CHECKBOX) values ('LUGANO_TARGET_INDIVIDUAL_CALCULATIONS',5,'LUGANO_TIC_ACPPDNLP_DISPTEXT','perpendicularDiameterNadirDisplayText',null);
Insert into STD_SECTION_OBSERVATIONS (SECTION_NAME,SEQUENCE,OBSERVATION_CODE,KEY,CHECKBOX) values ('LUGANO_CALCULATIONS_TARGET_LESIONS',1,'CURRENT_TIMEPOINT','timepoint',null);
Insert into STD_SECTION_OBSERVATIONS (SECTION_NAME,SEQUENCE,OBSERVATION_CODE,KEY,CHECKBOX) values ('LUGANO_CALCULATIONS_TARGET_LESIONS',2,'SUMPPD','sum',null);
Insert into STD_SECTION_OBSERVATIONS (SECTION_NAME,SEQUENCE,OBSERVATION_CODE,KEY,CHECKBOX) values ('LUGANO_CALCULATIONS_TARGET_LESIONS',3,'PCBSPPD','percentageChangeFromBaseline',null);
Insert into STD_SECTION_OBSERVATIONS (SECTION_NAME,SEQUENCE,OBSERVATION_CODE,KEY,CHECKBOX) values ('LUGANO_CALCULATIONS_TARGET_LESIONS',4,'PCNSPPD','percentageChangeFromNadir',null);
Insert into STD_SECTION_OBSERVATIONS (SECTION_NAME,SEQUENCE,OBSERVATION_CODE,KEY,CHECKBOX) values ('LUGANO_CALCULATIONS_TARGET_LESIONS',5,'NADIR_TIMEPOINT','timepointUsedForNadir',null);
Insert into STD_SECTION_OBSERVATIONS (SECTION_NAME,SEQUENCE,OBSERVATION_CODE,KEY,CHECKBOX) values ('LUGANO_TARGET_ASSESMENT',1,'LUGANO_TRGRESP','value',null);
Insert into STD_SECTION_OBSERVATIONS (SECTION_NAME,SEQUENCE,OBSERVATION_CODE,KEY,CHECKBOX) values ('LUGANO_TARGET_ASSESMENT',2,'LUGANO_TARGET_UNK_COMMENTS','unknownComments',null);
Insert into STD_SECTION_OBSERVATIONS (SECTION_NAME,SEQUENCE,OBSERVATION_CODE,KEY,CHECKBOX) values ('LUGANO_TARGET_ASSESMENT',3,'LUGANO_TARGET_ASSESSMENT_COMMENTS','comments',null);
Insert into STD_SECTION_OBSERVATIONS (SECTION_NAME,SEQUENCE,OBSERVATION_CODE,KEY,CHECKBOX) values ('LUGANO_TARGET_ASSESMENT_SOFT_EDIT_CHECKS',1,'LUGANO_TARGET_OVERRIDE_REASONS','overrideReasons','Y');
Insert into STD_SECTION_OBSERVATIONS (SECTION_NAME,SEQUENCE,OBSERVATION_CODE,KEY,CHECKBOX) values ('LUGANO_TARGET_ASSESMENT_SOFT_EDIT_CHECKS',2,'LUGANO_TARGET_OVERRIDE_COMMENTS','comments',null);
Insert into STD_SECTION_OBSERVATIONS (SECTION_NAME,SEQUENCE,OBSERVATION_CODE,KEY,CHECKBOX) values ('LUGANO_NON_TARGET_ASSESMENT',1,'LUGANO_NTRGRESP','value',null);
Insert into STD_SECTION_OBSERVATIONS (SECTION_NAME,SEQUENCE,OBSERVATION_CODE,KEY,CHECKBOX) values ('LUGANO_NON_TARGET_ASSESMENT',2,'LUGANO_NON_TARGET_UNK_COMMENTS','unknownComments',null);
Insert into STD_SECTION_OBSERVATIONS (SECTION_NAME,SEQUENCE,OBSERVATION_CODE,KEY,CHECKBOX) values ('LUGANO_NON_TARGET_ASSESMENT',3,'LUGANO_NON_TARGET_ASSESSMENT_COMMENTS','comments',null);
Insert into STD_SECTION_OBSERVATIONS (SECTION_NAME,SEQUENCE,OBSERVATION_CODE,KEY,CHECKBOX) values ('LUGANO_NON_TARGET_ASSESMENT_SOFT_EDIT_CHECKS',1,'LUGANO_NON_TARGET_OVERRIDE_REASONS','overrideReasons',null);
Insert into STD_SECTION_OBSERVATIONS (SECTION_NAME,SEQUENCE,OBSERVATION_CODE,KEY,CHECKBOX) values ('LUGANO_NON_TARGET_ASSESMENT_SOFT_EDIT_CHECKS',2,'LUGANO_NON_TARGET_OVERRIDE_COMMENTS','comments',null);
Insert into STD_SECTION_OBSERVATIONS (SECTION_NAME,SEQUENCE,OBSERVATION_CODE,KEY,CHECKBOX) values ('LUGANO_SPLEEN_MEASUREMENTS',1,'SPLEEN_ID','name',null);
Insert into STD_SECTION_OBSERVATIONS (SECTION_NAME,SEQUENCE,OBSERVATION_CODE,KEY,CHECKBOX) values ('LUGANO_SPLEEN_MEASUREMENTS',2,'SPLEEN_SLICE_RANGE','sliceRangeIdentified',null);
Insert into STD_SECTION_OBSERVATIONS (SECTION_NAME,SEQUENCE,OBSERVATION_CODE,KEY,CHECKBOX) values ('LUGANO_SPLEEN_MEASUREMENTS',3,'SPLEEN_SLICE_COUNT','sliceCount',null);
Insert into STD_SECTION_OBSERVATIONS (SECTION_NAME,SEQUENCE,OBSERVATION_CODE,KEY,CHECKBOX) values ('LUGANO_SPLEEN_MEASUREMENTS',4,'SPLEEN_LENGTH','length',null);
Insert into STD_SECTION_OBSERVATIONS (SECTION_NAME,SEQUENCE,OBSERVATION_CODE,KEY,CHECKBOX) values ('LUGANO_SPLEEN_MEASUREMENTS',5,'SPLEEN_NORM','norm',null);
Insert into STD_SECTION_OBSERVATIONS (SECTION_NAME,SEQUENCE,OBSERVATION_CODE,KEY,CHECKBOX) values ('LUGANO_SPLEEN_MEASUREMENTS',6,'REASON_NOT_MEASURED','reasonNotMeasured',null);
Insert into STD_SECTION_OBSERVATIONS (SECTION_NAME,SEQUENCE,OBSERVATION_CODE,KEY,CHECKBOX) values ('LUGANO_SPLEEN_MEASUREMENTS',7,'REASON_NOT_MEASURED_COMMENTS','reasonNotMeasuredComments',null);
Insert into STD_SECTION_OBSERVATIONS (SECTION_NAME,SEQUENCE,OBSERVATION_CODE,KEY,CHECKBOX) values ('LUGANO_SPLEEN_MEASUREMENTS',8,'OVERLAY_IMAGE_RECID','overlays[0].imageRecID',null);
Insert into STD_SECTION_OBSERVATIONS (SECTION_NAME,SEQUENCE,OBSERVATION_CODE,KEY,CHECKBOX) values ('LUGANO_SPLEEN_MEASUREMENTS',9,'OVERLAY_IMAGE_SERIES','overlays[0].imageTitle',null);
Insert into STD_SECTION_OBSERVATIONS (SECTION_NAME,SEQUENCE,OBSERVATION_CODE,KEY,CHECKBOX) values ('LUGANO_SPLEEN_MEASUREMENTS',10,'SPLEEN_SLICE_DISTANCE','sliceDistance',null);
Insert into STD_SECTION_OBSERVATIONS (SECTION_NAME,SEQUENCE,OBSERVATION_CODE,KEY,CHECKBOX) values ('LUGANO_SPLEEN_MEASUREMENTS',11,'SPLEEN_SLICE_INTERVAL','sliceInterval',null);
Insert into STD_SECTION_OBSERVATIONS (SECTION_NAME,SEQUENCE,OBSERVATION_CODE,KEY,CHECKBOX) values ('LUGANO_SPLEEN_MEASUREMENTS',12,'SPLEEN_SLICE1','sliceNumber1',null);
Insert into STD_SECTION_OBSERVATIONS (SECTION_NAME,SEQUENCE,OBSERVATION_CODE,KEY,CHECKBOX) values ('LUGANO_SPLEEN_MEASUREMENTS',13,'SPLEEN_SLICE2','sliceNumber2',null);
Insert into STD_SECTION_OBSERVATIONS (SECTION_NAME,SEQUENCE,OBSERVATION_CODE,KEY,CHECKBOX) values ('LUGANO_SPLEEN_MEASUREMENTS',14,'SPLEEN_CALCULATION_METHOD','calculationMethod',null);
Insert into STD_SECTION_OBSERVATIONS (SECTION_NAME,SEQUENCE,OBSERVATION_CODE,KEY,CHECKBOX) values ('LUGANO_SPLEEN_CALCULATIONS',1,'SPLEEN_LENGTH','length',null);
Insert into STD_SECTION_OBSERVATIONS (SECTION_NAME,SEQUENCE,OBSERVATION_CODE,KEY,CHECKBOX) values ('LUGANO_SPLEEN_CALCULATIONS',2,'SPLEEN_ENLARGED_LENGTH','LE',null);
Insert into STD_SECTION_OBSERVATIONS (SECTION_NAME,SEQUENCE,OBSERVATION_CODE,KEY,CHECKBOX) values ('LUGANO_SPLEEN_CALCULATIONS',3,'SPLEEN_UNITS','units',null);
Insert into STD_SECTION_OBSERVATIONS (SECTION_NAME,SEQUENCE,OBSERVATION_CODE,KEY,CHECKBOX) values ('LUGANO_SPLEEN_CALCULATIONS',4,'SPLEEN_ACBLE','actualChangeFromBaselineLE',null);
Insert into STD_SECTION_OBSERVATIONS (SECTION_NAME,SEQUENCE,OBSERVATION_CODE,KEY,CHECKBOX) values ('LUGANO_SPLEEN_CALCULATIONS',5,'SPLEEN_ACBL','actualChangeFromBaselineLength',null);
Insert into STD_SECTION_OBSERVATIONS (SECTION_NAME,SEQUENCE,OBSERVATION_CODE,KEY,CHECKBOX) values ('LUGANO_SPLEEN_CALCULATIONS',6,'SPLEEN_ACNLE','actualChangeFromNadirLE',null);
Insert into STD_SECTION_OBSERVATIONS (SECTION_NAME,SEQUENCE,OBSERVATION_CODE,KEY,CHECKBOX) values ('LUGANO_SPLEEN_CALCULATIONS',7,'SPLEEN_ACNL','actualChangeFromNadirLength',null);
Insert into STD_SECTION_OBSERVATIONS (SECTION_NAME,SEQUENCE,OBSERVATION_CODE,KEY,CHECKBOX) values ('LUGANO_SPLEEN_CALCULATIONS',8,'SPLEEN_PCBLE','percentageChangeFromBaselineLE',null);
Insert into STD_SECTION_OBSERVATIONS (SECTION_NAME,SEQUENCE,OBSERVATION_CODE,KEY,CHECKBOX) values ('LUGANO_SPLEEN_CALCULATIONS',9,'SPLEEN_PCBL','percentageChangeFromBaselineLength',null);
Insert into STD_SECTION_OBSERVATIONS (SECTION_NAME,SEQUENCE,OBSERVATION_CODE,KEY,CHECKBOX) values ('LUGANO_SPLEEN_CALCULATIONS',10,'SPLEEN_PCNLE','percentageChangeFromNadirLE',null);
Insert into STD_SECTION_OBSERVATIONS (SECTION_NAME,SEQUENCE,OBSERVATION_CODE,KEY,CHECKBOX) values ('LUGANO_SPLEEN_CALCULATIONS',11,'SPLEEN_PCNL','percentageChangeFromNadirLength',null);
Insert into STD_SECTION_OBSERVATIONS (SECTION_NAME,SEQUENCE,OBSERVATION_CODE,KEY,CHECKBOX) values ('LUGANO_SPLEEN_CALCULATIONS',12,'SPLEEN_LE_NADIR_TIMEPOINT','timepointUsedForNadirLE',null);
Insert into STD_SECTION_OBSERVATIONS (SECTION_NAME,SEQUENCE,OBSERVATION_CODE,KEY,CHECKBOX) values ('LUGANO_SPLEEN_CALCULATIONS',13,'SPLEEN_LENGTH_NADIR_TIMEPOINT','timepointUsedForNadirLength',null);
Insert into STD_SECTION_OBSERVATIONS (SECTION_NAME,SEQUENCE,OBSERVATION_CODE,KEY,CHECKBOX) values ('LUGANO_SPLEEN_ASSESMENT',1,'LUGANO_SPLNRESP','assessment',null);
Insert into STD_SECTION_OBSERVATIONS (SECTION_NAME,SEQUENCE,OBSERVATION_CODE,KEY,CHECKBOX) values ('LUGANO_SPLEEN_ASSESMENT',2,'LUGANO_SPLNRESP_CALCULATED','calculatedAssessment',null);
Insert into STD_SECTION_OBSERVATIONS (SECTION_NAME,SEQUENCE,OBSERVATION_CODE,KEY,CHECKBOX) values ('LUGANO_SPLEEN_ASSESMENT',3,'LUGANO_SPLEEN_UNK_COMMENTS','unknownComments',null);
Insert into STD_SECTION_OBSERVATIONS (SECTION_NAME,SEQUENCE,OBSERVATION_CODE,KEY,CHECKBOX) values ('LUGANO_SPLEEN_ASSESMENT',4,'LUGANO_SPLEEN_ASSESSMENT_COMMENTS','comments',null);
Insert into STD_SECTION_OBSERVATIONS (SECTION_NAME,SEQUENCE,OBSERVATION_CODE,KEY,CHECKBOX) values ('LUGANO_SPLEEN_ASSESMENT_SOFT_EDIT_CHECKS',1,'LUGANO_SPLEEN_OVERRIDE_REASONS','overrideReasons','Y');
Insert into STD_SECTION_OBSERVATIONS (SECTION_NAME,SEQUENCE,OBSERVATION_CODE,KEY,CHECKBOX) values ('LUGANO_SPLEEN_ASSESMENT_SOFT_EDIT_CHECKS',2,'LUGANO_SPLEEN_OVERRIDE_COMMENTS','comments',null);
Insert into STD_SECTION_OBSERVATIONS (SECTION_NAME,SEQUENCE,OBSERVATION_CODE,KEY,CHECKBOX) values ('LUGANO_LIVER_ASSESSMENT',1,'LUGANO_LIVRRESP','assessment',null);
Insert into STD_SECTION_OBSERVATIONS (SECTION_NAME,SEQUENCE,OBSERVATION_CODE,KEY,CHECKBOX) values ('LUGANO_LIVER_ASSESSMENT',2,'LUGANO_LIVER_UNK_COMMENTS','unknownComments',null);
Insert into STD_SECTION_OBSERVATIONS (SECTION_NAME,SEQUENCE,OBSERVATION_CODE,KEY,CHECKBOX) values ('LUGANO_LIVER_ASSESSMENT',3,'LUGANO_LIVER_ASSESSMENT_COMMENTS','comments',null);
Insert into STD_SECTION_OBSERVATIONS (SECTION_NAME,SEQUENCE,OBSERVATION_CODE,KEY,CHECKBOX) values ('LUGANO_GI_INVOLVEMENT',4,'LUGANO_GI_EVIDENCE','evidence',null);
Insert into STD_SECTION_OBSERVATIONS (SECTION_NAME,SEQUENCE,OBSERVATION_CODE,KEY,CHECKBOX) values ('LUGANO_GI_INVOLVEMENT',5,'LUGANO_GI_PRESENT_TYPE','subEvidence',null);
Insert into STD_SECTION_OBSERVATIONS (SECTION_NAME,SEQUENCE,OBSERVATION_CODE,KEY,CHECKBOX) values ('LUGANO_GI_INVOLVEMENT',6,'LUGANO_GI_COMMENTS','comments',null);
Insert into STD_SECTION_OBSERVATIONS (SECTION_NAME,SEQUENCE,OBSERVATION_CODE,KEY,CHECKBOX) values ('LUGANO_CTMRI_OVERALL_ASSESSMENTS',1,'LUGANO_CTMRI_OVRLRESP','value',null);
Insert into STD_SECTION_OBSERVATIONS (SECTION_NAME,SEQUENCE,OBSERVATION_CODE,KEY,CHECKBOX) values ('LUGANO_CT_MRI_OTR_ASSESSMENT',2,'LUGANO_CTMRI_OTR_PD_REASONS','reasonsForPD','Y');
Insert into STD_SECTION_OBSERVATIONS (SECTION_NAME,SEQUENCE,OBSERVATION_CODE,KEY,CHECKBOX) values ('LUGANO_CT_MRI_OTR_ASSESSMENT',3,'LUGANO_CTMRI_OTR_PD_COMMENTS','pdComments',null);
Insert into STD_SECTION_OBSERVATIONS (SECTION_NAME,SEQUENCE,OBSERVATION_CODE,KEY,CHECKBOX) values ('LUGANO_CT_MRI_OTR_ASSESSMENT',4,'LUGANO_CTMRI_OTR_NE_REASONS','reasonsForUnknown','Y');
Insert into STD_SECTION_OBSERVATIONS (SECTION_NAME,SEQUENCE,OBSERVATION_CODE,KEY,CHECKBOX) values ('LUGANO_CT_MRI_OTR_ASSESSMENT',5,'LUGANO_CTMRI_OTR_NE_COMMENTS','unknownComments',null);
Insert into STD_SECTION_OBSERVATIONS (SECTION_NAME,SEQUENCE,OBSERVATION_CODE,KEY,CHECKBOX) values ('LUGANO_CT_MRI_OTR_ASSESSMENT',6,'LUGANO_CTMRI_OTR_ND_COMMENTS','noDiseaseComments',null);
Insert into STD_SECTION_OBSERVATIONS (SECTION_NAME,SEQUENCE,OBSERVATION_CODE,KEY,CHECKBOX) values ('LUGANO_CT_MRI_OTR_ASSESSMENT',7,'LUGANO_CTMRI_OTR_ASSESSMENT_COMMENTS','comments',null);
Insert into STD_SECTION_OBSERVATIONS (SECTION_NAME,SEQUENCE,OBSERVATION_CODE,KEY,CHECKBOX) values ('LUGANO_CT_MRI_OTR_ASSESSMENT',1,'LUGANO_CTMRI_OTR_OVERRIDE_REASONS','overrideReasons',null);
Insert into STD_SECTION_OBSERVATIONS (SECTION_NAME,SEQUENCE,OBSERVATION_CODE,KEY,CHECKBOX) values ('LUGANO_CT_MRI_OTR_ASSESSMENT',2,'LUGANO_CTMRI_OTR_OVERRIDE_COMMENTS','comments',null);
Insert into STD_SECTION_OBSERVATIONS (SECTION_NAME,SEQUENCE,OBSERVATION_CODE,KEY,CHECKBOX) values ('LUGANO_ANATOMICAL_COVERAGE',1,'LUGANO_CSAI_STATUS','status',null);
Insert into STD_SECTION_OBSERVATIONS (SECTION_NAME,SEQUENCE,OBSERVATION_CODE,KEY,CHECKBOX) values ('LUGANO_ANATOMICAL_COVERAGE',2,'LUGANO_CSAI_NOT_SEEN','anatomies','Y');
Insert into STD_SECTION_OBSERVATIONS (SECTION_NAME,SEQUENCE,OBSERVATION_CODE,KEY,CHECKBOX) values ('LUGANO_PET_ASESSMENT',1,'LUGANO_FIVE_POINT_SCORE','fivePointScaleAssessment',null);
Insert into STD_SECTION_OBSERVATIONS (SECTION_NAME,SEQUENCE,OBSERVATION_CODE,KEY,CHECKBOX) values ('LUGANO_PET_ASESSMENT',2,'LUGANO_FIVE_POINT_SCORE_SUBASSESSMENT','fivePointScaleSubAssessment',null);
Insert into STD_SECTION_OBSERVATIONS (SECTION_NAME,SEQUENCE,OBSERVATION_CODE,KEY,CHECKBOX) values ('LUGANO_PET_ASESSMENT',3,'LUGANO_LESION_CONSISTENT_WITH_LYMPHOMA','newLesionsConsistentWithLymphoma',null);
Insert into STD_SECTION_OBSERVATIONS (SECTION_NAME,SEQUENCE,OBSERVATION_CODE,KEY,CHECKBOX) values ('LUGANO_PET_ASESSMENT',4,'LUGANO_HOTTEST_LESION','hottestLesionLocation',null);
Insert into STD_SECTION_OBSERVATIONS (SECTION_NAME,SEQUENCE,OBSERVATION_CODE,KEY,CHECKBOX) values ('LUGANO_PET_ASESSMENT',5,'LUGANO_HOTTEST_LESION_LOCATION','hottestLesion.location',null);
Insert into STD_SECTION_OBSERVATIONS (SECTION_NAME,SEQUENCE,OBSERVATION_CODE,KEY,CHECKBOX) values ('LUGANO_PET_ASESSMENT',6,'LUGANO_BONEMARROW_ASSESSMENT','boneMarrowAssessment',null);
Insert into STD_SECTION_OBSERVATIONS (SECTION_NAME,SEQUENCE,OBSERVATION_CODE,KEY,CHECKBOX) values ('LUGANO_PET_ASESSMENT',7,'LUGANO_BONEMARROW_ASSESSMENT_COMMENTS','boneMarrowAssessmentComments',null);
Insert into STD_SECTION_OBSERVATIONS (SECTION_NAME,SEQUENCE,OBSERVATION_CODE,KEY,CHECKBOX) values ('LUGANO_PET_ASESSMENT',8,'LUGANO_HOTTEST_BONEMARROW_LOCATION','hottestFocalUptakeInBoneMarrow.location',null);
Insert into STD_SECTION_OBSERVATIONS (SECTION_NAME,SEQUENCE,OBSERVATION_CODE,KEY,CHECKBOX) values ('LUGANO_PET_ASESSMENT',9,'LUGANO_HOTTEST_BONEMARROW_LOCATION_DESCRIPTION','hottestFocalUptakeInBoneMarrow.locationDescription',null);
Insert into STD_SECTION_OBSERVATIONS (SECTION_NAME,SEQUENCE,OBSERVATION_CODE,KEY,CHECKBOX) values ('LUGANO_PET_ASESSMENT',10,'LUGANO_AREA_LYMPHOMA_UNRELATED','areasOfUptakeNotRelatedToLymphoma',null);
Insert into STD_SECTION_OBSERVATIONS (SECTION_NAME,SEQUENCE,OBSERVATION_CODE,KEY,CHECKBOX) values ('LUGANO_PET_ASESSMENT',11,'LUGANO_AREA_LYMPHOMA_UNRELATED_LOCATION','areasOfUptakeNotRelatedToLymphomaLocation.location',null);
Insert into STD_SECTION_OBSERVATIONS (SECTION_NAME,SEQUENCE,OBSERVATION_CODE,KEY,CHECKBOX) values ('LUGANO_PET_ASESSMENT',12,'LUGANO_AREA_LYMPHOMA_UNRELATED_LOCATION_DESCRIPTION','areasOfUptakeNotRelatedToLymphomaLocation.locationDescription',null);
Insert into STD_SECTION_OBSERVATIONS (SECTION_NAME,SEQUENCE,OBSERVATION_CODE,KEY,CHECKBOX) values ('LUGANO_OTR_ASSESSMENT',13,'LUGANO_OVRLRESP','value',null);
Insert into STD_SECTION_OBSERVATIONS (SECTION_NAME,SEQUENCE,OBSERVATION_CODE,KEY,CHECKBOX) values ('LUGANO_OTR_ASSESSMENT',14,'LUGANO_OTR_PD_REASONS','reasonsForPD',null);
Insert into STD_SECTION_OBSERVATIONS (SECTION_NAME,SEQUENCE,OBSERVATION_CODE,KEY,CHECKBOX) values ('LUGANO_OTR_ASSESSMENT',15,'LUGANO_OTR_PD_COMMENTS','pdComments',null);
Insert into STD_SECTION_OBSERVATIONS (SECTION_NAME,SEQUENCE,OBSERVATION_CODE,KEY,CHECKBOX) values ('LUGANO_OTR_ASSESSMENT',16,'LUGANO_OTR_NE_REASONS','reasonsForUnknown',null);
Insert into STD_SECTION_OBSERVATIONS (SECTION_NAME,SEQUENCE,OBSERVATION_CODE,KEY,CHECKBOX) values ('LUGANO_OTR_ASSESSMENT',17,'LUGANO_OTR_NE_COMMENTS','unknownComments',null);
Insert into STD_SECTION_OBSERVATIONS (SECTION_NAME,SEQUENCE,OBSERVATION_CODE,KEY,CHECKBOX) values ('LUGANO_OTR_ASSESSMENT',18,'LUGANO_OTR_ASSESSMENT_COMMENTS','comments',null);
Insert into STD_SECTION_OBSERVATIONS (SECTION_NAME,SEQUENCE,OBSERVATION_CODE,KEY,CHECKBOX) values ('LUGANO_OTR_ASSESSMENT_SOFT_EDIT_CHECKS',1,'LUGANO_OTR_OVERRIDE_REASONS','overrideReasons','Y');
Insert into STD_SECTION_OBSERVATIONS (SECTION_NAME,SEQUENCE,OBSERVATION_CODE,KEY,CHECKBOX) values ('LUGANO_OTR_ASSESSMENT_SOFT_EDIT_CHECKS',2,'LUGANO_OTR_OVERRIDE_COMMENTS','comments',null);
Insert into STD_SECTION_OBSERVATIONS (SECTION_NAME,SEQUENCE,OBSERVATION_CODE,KEY,CHECKBOX) values ('IRECIST_OVERALL_TUMOR_RESPONSE',1,'IRECIST_OVRLRESP','value',null);
Insert into STD_SECTION_OBSERVATIONS (SECTION_NAME,SEQUENCE,OBSERVATION_CODE,KEY,CHECKBOX) values ('IRECIST_OVERALL_TUMOR_RESPONSE',2,'IRECIST_OTR_ICPD_REASONS','reasonsForiCPD','Y');
Insert into STD_SECTION_OBSERVATIONS (SECTION_NAME,SEQUENCE,OBSERVATION_CODE,KEY,CHECKBOX) values ('IRECIST_OVERALL_TUMOR_RESPONSE',3,'IRECIST_OTR_INE_REASONS','reasonsForiNE','Y');
Insert into STD_SECTION_OBSERVATIONS (SECTION_NAME,SEQUENCE,OBSERVATION_CODE,KEY,CHECKBOX) values ('IRECIST_OVERALL_TUMOR_RESPONSE',4,'IRECIST_OTR_OTHERS_COMMENTS','reasonOtherSpecifyComments',null);
Insert into STD_SECTION_OBSERVATIONS (SECTION_NAME,SEQUENCE,OBSERVATION_CODE,KEY,CHECKBOX) values ('IRECIST_OVERALL_TUMOR_RESPONSE',5,'IRECIST_OTR_ASSESSMENT_COMMENTS','comments',null);
Insert into STD_SECTION_OBSERVATIONS (SECTION_NAME,SEQUENCE,OBSERVATION_CODE,KEY,CHECKBOX) values ('IRECIST_OVERALL_TUMOR_RESPONSE_SOFT_EDIT_CHECK',1,'IRECIST_OTR_OVERRIDE_REASONS','overrideReasons','Y');
Insert into STD_SECTION_OBSERVATIONS (SECTION_NAME,SEQUENCE,OBSERVATION_CODE,KEY,CHECKBOX) values ('IRECIST_OVERALL_TUMOR_RESPONSE_SOFT_EDIT_CHECK',2,'IRECIST_OTR_OVERRIDE_COMMENTS','comments',null);
Insert into STD_SECTION_OBSERVATIONS (SECTION_NAME,SEQUENCE,OBSERVATION_CODE,KEY,CHECKBOX) values ('FDG_PET',1,'PET_RESPONSE','value',null);
Insert into STD_SECTION_OBSERVATIONS (SECTION_NAME,SEQUENCE,OBSERVATION_CODE,KEY,CHECKBOX) values ('FDG_PET',2,'PET_ASSESSMENT_COMMENTS','comments',null);
Insert into STD_SECTION_OBSERVATIONS (SECTION_NAME,SEQUENCE,OBSERVATION_CODE,KEY,CHECKBOX) values ('IMAGE_QUALITY',1,'IMAGE_QUALITY_ISSUES_FLAG','hasIssues',null);
Insert into STD_SECTION_OBSERVATIONS (SECTION_NAME,SEQUENCE,OBSERVATION_CODE,KEY,CHECKBOX) values ('IMAGE_QUALITY',2,'IMAGE_QUALITY_ISSUES','issues','Y');
Insert into STD_SECTION_OBSERVATIONS (SECTION_NAME,SEQUENCE,OBSERVATION_CODE,KEY,CHECKBOX) values ('IMAGE_QUALITY',3,'IMAGE_QUALITY_COMMENTS','imageQualityComments',null);
Insert into STD_SECTION_OBSERVATIONS (SECTION_NAME,SEQUENCE,OBSERVATION_CODE,KEY,CHECKBOX) values ('IRECIST_CALCULATIONS_NEW_TARGET_LESIONS',1,'IRECIST_NEW_SUMDIAM','sum',null);
Insert into STD_SECTION_OBSERVATIONS (SECTION_NAME,SEQUENCE,OBSERVATION_CODE,KEY,CHECKBOX) values ('IRECIST_CALCULATIONS_NEW_TARGET_LESIONS',2,'IRECIST_NEW_ACBSD','actualChangeInSumOfDiameters',null);
Insert into STD_SECTION_OBSERVATIONS (SECTION_NAME,SEQUENCE,OBSERVATION_CODE,KEY,CHECKBOX) values ('IRECIST_CALCULATIONS_NEW_TARGET_LESIONS',3,'IRECIST_NEW_ACNSD','actualChangeFromNadir',null);
Insert into STD_SECTION_OBSERVATIONS (SECTION_NAME,SEQUENCE,OBSERVATION_CODE,KEY,CHECKBOX) values ('IRECIST_CALCULATIONS_NEW_TARGET_LESIONS',4,'IRECIST_NEW_NADIR_TIMEPOINT','timepointUsedForNadir',null);
Insert into STD_SECTION_OBSERVATIONS (SECTION_NAME,SEQUENCE,OBSERVATION_CODE,KEY,CHECKBOX) values ('IRECIST_NEW_LESION_NON_TARGET_ASSESSMENT',1,'IRECIST_NEW_NTRGRESP','value',null);
Insert into STD_SECTION_OBSERVATIONS (SECTION_NAME,SEQUENCE,OBSERVATION_CODE,KEY,CHECKBOX) values ('IRECIST_NEW_LESION_NON_TARGET_ASSESSMENT',2,'IRECIST_NEW_NT_ASSESSMENT_COMMENTS','comments',null);
Insert into STD_SECTION_OBSERVATIONS (SECTION_NAME,SEQUENCE,OBSERVATION_CODE,KEY,CHECKBOX) values ('IRECIST_NEW_LESION_NON_TARGET_ASSESSMENT_SOFT_EDIT_CHECKS',1,'IRECIST_NEW_NT_OVERRIDE_REASONS','overrideReasons','Y');
Insert into STD_SECTION_OBSERVATIONS (SECTION_NAME,SEQUENCE,OBSERVATION_CODE,KEY,CHECKBOX) values ('IRECIST_NEW_LESION_NON_TARGET_ASSESSMENT_SOFT_EDIT_CHECKS',2,'IRECIST_NEW_NT_OVERRIDE_COMMENTS','comments',null);
Insert into STD_SECTION_OBSERVATIONS (SECTION_NAME,SEQUENCE,OBSERVATION_CODE,KEY,CHECKBOX) values ('IRECIST_NEW_LESION_TARGET_ASSESSMENT',1,'IRECIST_NEW_TRGRESP','value',null);
Insert into STD_SECTION_OBSERVATIONS (SECTION_NAME,SEQUENCE,OBSERVATION_CODE,KEY,CHECKBOX) values ('IRECIST_NEW_LESION_TARGET_ASSESSMENT',2,'IRECIST_NEW_TARGET_ASSESSMENT_COMMENTS','comments',null);
Insert into STD_SECTION_OBSERVATIONS (SECTION_NAME,SEQUENCE,OBSERVATION_CODE,KEY,CHECKBOX) values ('IRECIST_NEW_LESION_TARGET_ASSESSMENT_SOFT_EDIT_CHECKS',1,'IRECIST_NEW_TARGET_OVERRIDE_REASONS','overrideReasons','Y');
Insert into STD_SECTION_OBSERVATIONS (SECTION_NAME,SEQUENCE,OBSERVATION_CODE,KEY,CHECKBOX) values ('IRECIST_NEW_LESION_TARGET_ASSESSMENT_SOFT_EDIT_CHECKS',2,'IRECIST_NEW_TARGET_OVERRIDE_COMMENTS','comments',null);
Insert into STD_SECTION_OBSERVATIONS (SECTION_NAME,SEQUENCE,OBSERVATION_CODE,KEY,CHECKBOX) values ('IRECIST_NEW_NON_TARGET_LESIONS',1,'LESION_ID','name',null);
Insert into STD_SECTION_OBSERVATIONS (SECTION_NAME,SEQUENCE,OBSERVATION_CODE,KEY,CHECKBOX) values ('IRECIST_NEW_NON_TARGET_LESIONS',2,'OVERLAY_IMAGE_RECID','overlay.imageRecID',null);
Insert into STD_SECTION_OBSERVATIONS (SECTION_NAME,SEQUENCE,OBSERVATION_CODE,KEY,CHECKBOX) values ('IRECIST_NEW_NON_TARGET_LESIONS',3,'OVERLAY_IMAGE_SERIES','overlay.imageTitle',null);
Insert into STD_SECTION_OBSERVATIONS (SECTION_NAME,SEQUENCE,OBSERVATION_CODE,KEY,CHECKBOX) values ('IRECIST_NEW_NON_TARGET_LESIONS',4,'OVERLAY_IMAGE_SLICE_NO','overlay.sliceNumber',null);
Insert into STD_SECTION_OBSERVATIONS (SECTION_NAME,SEQUENCE,OBSERVATION_CODE,KEY,CHECKBOX) values ('IRECIST_NEW_NON_TARGET_LESIONS',5,'LESION_LOCATION','location',null);
Insert into STD_SECTION_OBSERVATIONS (SECTION_NAME,SEQUENCE,OBSERVATION_CODE,KEY,CHECKBOX) values ('IRECIST_NEW_NON_TARGET_LESIONS',6,'LESION_LOCATION_DESCRIPTION','locationDescription',null);
Insert into STD_SECTION_OBSERVATIONS (SECTION_NAME,SEQUENCE,OBSERVATION_CODE,KEY,CHECKBOX) values ('IRECIST_NEW_NON_TARGET_LESIONS',7,'LESION_COMMENTS','comments',null);
Insert into STD_SECTION_OBSERVATIONS (SECTION_NAME,SEQUENCE,OBSERVATION_CODE,KEY,CHECKBOX) values ('IRECIST_NEW_TARGET_NODAL_LESIONS',1,'LESION_ID','name',null);
Insert into STD_SECTION_OBSERVATIONS (SECTION_NAME,SEQUENCE,OBSERVATION_CODE,KEY,CHECKBOX) values ('IRECIST_NEW_TARGET_NODAL_LESIONS',2,'LDIAM','overlay.length',null);
Insert into STD_SECTION_OBSERVATIONS (SECTION_NAME,SEQUENCE,OBSERVATION_CODE,KEY,CHECKBOX) values ('IRECIST_NEW_TARGET_NODAL_LESIONS',3,'MEASUREMENT_UNITS','overlay.units',null);
Insert into STD_SECTION_OBSERVATIONS (SECTION_NAME,SEQUENCE,OBSERVATION_CODE,KEY,CHECKBOX) values ('IRECIST_NEW_TARGET_NODAL_LESIONS',4,'OVERLAY_IMAGE_RECID','overlay.imageRecID',null);
Insert into STD_SECTION_OBSERVATIONS (SECTION_NAME,SEQUENCE,OBSERVATION_CODE,KEY,CHECKBOX) values ('IRECIST_NEW_TARGET_NODAL_LESIONS',5,'OVERLAY_IMAGE_SERIES','overlay.imageTitle',null);
Insert into STD_SECTION_OBSERVATIONS (SECTION_NAME,SEQUENCE,OBSERVATION_CODE,KEY,CHECKBOX) values ('IRECIST_NEW_TARGET_NODAL_LESIONS',6,'OVERLAY_IMAGE_SLICE_NO','overlay.sliceNumber',null);
Insert into STD_SECTION_OBSERVATIONS (SECTION_NAME,SEQUENCE,OBSERVATION_CODE,KEY,CHECKBOX) values ('IRECIST_NEW_TARGET_NODAL_LESIONS',7,'LESION_LOCATION','location',null);
Insert into STD_SECTION_OBSERVATIONS (SECTION_NAME,SEQUENCE,OBSERVATION_CODE,KEY,CHECKBOX) values ('IRECIST_NEW_TARGET_NODAL_LESIONS',8,'LESION_LOCATION_DESCRIPTION','locationDescription',null);
Insert into STD_SECTION_OBSERVATIONS (SECTION_NAME,SEQUENCE,OBSERVATION_CODE,KEY,CHECKBOX) values ('IRECIST_NEW_TARGET_NODAL_LESIONS',9,'LESION_COMMENTS','comments',null);
Insert into STD_SECTION_OBSERVATIONS (SECTION_NAME,SEQUENCE,OBSERVATION_CODE,KEY,CHECKBOX) values ('IRECIST_NEW_TARGET_NON_NODAL_LESIONS',1,'LESION_ID','name',null);
Insert into STD_SECTION_OBSERVATIONS (SECTION_NAME,SEQUENCE,OBSERVATION_CODE,KEY,CHECKBOX) values ('IRECIST_NEW_TARGET_NON_NODAL_LESIONS',2,'LDIAM','overlay.length',null);
Insert into STD_SECTION_OBSERVATIONS (SECTION_NAME,SEQUENCE,OBSERVATION_CODE,KEY,CHECKBOX) values ('IRECIST_NEW_TARGET_NON_NODAL_LESIONS',3,'MEASUREMENT_UNITS','overlay.units',null);
Insert into STD_SECTION_OBSERVATIONS (SECTION_NAME,SEQUENCE,OBSERVATION_CODE,KEY,CHECKBOX) values ('IRECIST_NEW_TARGET_NON_NODAL_LESIONS',4,'OVERLAY_IMAGE_RECID','overlay.imageRecID',null);
Insert into STD_SECTION_OBSERVATIONS (SECTION_NAME,SEQUENCE,OBSERVATION_CODE,KEY,CHECKBOX) values ('IRECIST_NEW_TARGET_NON_NODAL_LESIONS',5,'OVERLAY_IMAGE_SERIES','overlay.imageTitle',null);
Insert into STD_SECTION_OBSERVATIONS (SECTION_NAME,SEQUENCE,OBSERVATION_CODE,KEY,CHECKBOX) values ('IRECIST_NEW_TARGET_NON_NODAL_LESIONS',6,'OVERLAY_IMAGE_SLICE_NO','overlay.sliceNumber',null);
Insert into STD_SECTION_OBSERVATIONS (SECTION_NAME,SEQUENCE,OBSERVATION_CODE,KEY,CHECKBOX) values ('IRECIST_NEW_TARGET_NON_NODAL_LESIONS',7,'LESION_LOCATION','location',null);
Insert into STD_SECTION_OBSERVATIONS (SECTION_NAME,SEQUENCE,OBSERVATION_CODE,KEY,CHECKBOX) values ('IRECIST_NEW_TARGET_NON_NODAL_LESIONS',8,'LESION_LOCATION_DESCRIPTION','locationDescription',null);
Insert into STD_SECTION_OBSERVATIONS (SECTION_NAME,SEQUENCE,OBSERVATION_CODE,KEY,CHECKBOX) values ('IRECIST_NEW_TARGET_NON_NODAL_LESIONS',9,'LESION_COMMENTS','comments',null);
Insert into STD_SECTION_OBSERVATIONS (SECTION_NAME,SEQUENCE,OBSERVATION_CODE,KEY,CHECKBOX) values ('IRECIST_NON_TARGET_LESIONS_ASSESSMENT',1,'IRECIST_NTRGRESP','value',null);
Insert into STD_SECTION_OBSERVATIONS (SECTION_NAME,SEQUENCE,OBSERVATION_CODE,KEY,CHECKBOX) values ('IRECIST_NON_TARGET_LESIONS_ASSESSMENT',2,'IRECIST_NT_ASSESSMENT_COMMENTS','comments',null);
Insert into STD_SECTION_OBSERVATIONS (SECTION_NAME,SEQUENCE,OBSERVATION_CODE,KEY,CHECKBOX) values ('IRECIST_NON_TARGET_LESIONS_ASSESSMENT_SOFT_EDIT_CHECKS',1,'IRECIST_NT_OVERRIDE_REASONS','overrideReasons','Y');
Insert into STD_SECTION_OBSERVATIONS (SECTION_NAME,SEQUENCE,OBSERVATION_CODE,KEY,CHECKBOX) values ('IRECIST_NON_TARGET_LESIONS_ASSESSMENT_SOFT_EDIT_CHECKS',2,'IRECIST_NT_OVERRIDE_COMMENTS','comments',null);
Insert into STD_SECTION_OBSERVATIONS (SECTION_NAME,SEQUENCE,OBSERVATION_CODE,KEY,CHECKBOX) values ('IRECIST_PREVNEW_NON_TARGET_LESIONS',1,'LESION_ID','name',null);
Insert into STD_SECTION_OBSERVATIONS (SECTION_NAME,SEQUENCE,OBSERVATION_CODE,KEY,CHECKBOX) values ('IRECIST_PREVNEW_NON_TARGET_LESIONS',2,'FIRST_TP_NAME','firstMeasuredTimepoint.blindedName',null);
Insert into STD_SECTION_OBSERVATIONS (SECTION_NAME,SEQUENCE,OBSERVATION_CODE,KEY,CHECKBOX) values ('IRECIST_PREVNEW_NON_TARGET_LESIONS',3,'LESION_LOCATION','location',null);
Insert into STD_SECTION_OBSERVATIONS (SECTION_NAME,SEQUENCE,OBSERVATION_CODE,KEY,CHECKBOX) values ('IRECIST_PREVNEW_NON_TARGET_LESIONS',4,'LESION_LOCATION_DESCRIPTION','locationDescription',null);
Insert into STD_SECTION_OBSERVATIONS (SECTION_NAME,SEQUENCE,OBSERVATION_CODE,KEY,CHECKBOX) values ('IRECIST_PREVNEW_NON_TARGET_LESIONS',5,'OVERLAY_IMAGE_RECID','overlay.imageRecID',null);
Insert into STD_SECTION_OBSERVATIONS (SECTION_NAME,SEQUENCE,OBSERVATION_CODE,KEY,CHECKBOX) values ('IRECIST_PREVNEW_NON_TARGET_LESIONS',6,'OVERLAY_IMAGE_SERIES','overlay.imageTitle',null);
Insert into STD_SECTION_OBSERVATIONS (SECTION_NAME,SEQUENCE,OBSERVATION_CODE,KEY,CHECKBOX) values ('IRECIST_PREVNEW_NON_TARGET_LESIONS',7,'OVERLAY_IMAGE_SLICE_NO','overlay.sliceNumber',null);
Insert into STD_SECTION_OBSERVATIONS (SECTION_NAME,SEQUENCE,OBSERVATION_CODE,KEY,CHECKBOX) values ('IRECIST_PREVNEW_NON_TARGET_LESIONS',8,'LESION_ASSESSMENT','assessment',null);
Insert into STD_SECTION_OBSERVATIONS (SECTION_NAME,SEQUENCE,OBSERVATION_CODE,KEY,CHECKBOX) values ('IRECIST_PREVNEW_NON_TARGET_LESIONS',9,'CORRESPONDING_IMAGE_RECID','imageRecId',null);
Insert into STD_SECTION_OBSERVATIONS (SECTION_NAME,SEQUENCE,OBSERVATION_CODE,KEY,CHECKBOX) values ('IRECIST_PREVNEW_NON_TARGET_LESIONS',10,'CORRESPONDING_IMAGE_SERIES','imageName',null);
Insert into STD_SECTION_OBSERVATIONS (SECTION_NAME,SEQUENCE,OBSERVATION_CODE,KEY,CHECKBOX) values ('IRECIST_PREVNEW_NON_TARGET_LESIONS',11,'REASON_NOT_EVALUABLE','lesionReasonNotEvaluableIssues','Y');
Insert into STD_SECTION_OBSERVATIONS (SECTION_NAME,SEQUENCE,OBSERVATION_CODE,KEY,CHECKBOX) values ('IRECIST_PREVNEW_NON_TARGET_LESIONS',12,'REASON_NOT_EVALUABLE_COMMENT','unknownComments',null);
Insert into STD_SECTION_OBSERVATIONS (SECTION_NAME,SEQUENCE,OBSERVATION_CODE,KEY,CHECKBOX) values ('IRECIST_PREVNEW_NON_TARGET_LESIONS',13,'LESION_COMMENTS','comments',null);
Insert into STD_SECTION_OBSERVATIONS (SECTION_NAME,SEQUENCE,OBSERVATION_CODE,KEY,CHECKBOX) values ('IRECIST_PREVNEW_TARGET_NODAL_LESIONS',1,'LESION_ID','name',null);
Insert into STD_SECTION_OBSERVATIONS (SECTION_NAME,SEQUENCE,OBSERVATION_CODE,KEY,CHECKBOX) values ('IRECIST_PREVNEW_TARGET_NODAL_LESIONS',2,'FIRST_TP_NAME','firstMeasuredTimepoint.blindedName',null);
Insert into STD_SECTION_OBSERVATIONS (SECTION_NAME,SEQUENCE,OBSERVATION_CODE,KEY,CHECKBOX) values ('IRECIST_PREVNEW_TARGET_NODAL_LESIONS',3,'LDIAM','overlay.length',null);
Insert into STD_SECTION_OBSERVATIONS (SECTION_NAME,SEQUENCE,OBSERVATION_CODE,KEY,CHECKBOX) values ('IRECIST_PREVNEW_TARGET_NODAL_LESIONS',4,'MEASUREMENT_UNITS','overlay.units',null);
Insert into STD_SECTION_OBSERVATIONS (SECTION_NAME,SEQUENCE,OBSERVATION_CODE,KEY,CHECKBOX) values ('IRECIST_PREVNEW_TARGET_NODAL_LESIONS',5,'LESION_LOCATION','location',null);
Insert into STD_SECTION_OBSERVATIONS (SECTION_NAME,SEQUENCE,OBSERVATION_CODE,KEY,CHECKBOX) values ('IRECIST_PREVNEW_TARGET_NODAL_LESIONS',6,'LESION_LOCATION_DESCRIPTION','locationDescription',null);
Insert into STD_SECTION_OBSERVATIONS (SECTION_NAME,SEQUENCE,OBSERVATION_CODE,KEY,CHECKBOX) values ('IRECIST_PREVNEW_TARGET_NODAL_LESIONS',7,'OVERLAY_IMAGE_RECID','overlay.imageRecID',null);
Insert into STD_SECTION_OBSERVATIONS (SECTION_NAME,SEQUENCE,OBSERVATION_CODE,KEY,CHECKBOX) values ('IRECIST_PREVNEW_TARGET_NODAL_LESIONS',8,'OVERLAY_IMAGE_SERIES','overlay.imageTitle',null);
Insert into STD_SECTION_OBSERVATIONS (SECTION_NAME,SEQUENCE,OBSERVATION_CODE,KEY,CHECKBOX) values ('IRECIST_PREVNEW_TARGET_NODAL_LESIONS',9,'OVERLAY_IMAGE_SLICE_NO','overlay.sliceNumber',null);
Insert into STD_SECTION_OBSERVATIONS (SECTION_NAME,SEQUENCE,OBSERVATION_CODE,KEY,CHECKBOX) values ('IRECIST_PREVNEW_TARGET_NODAL_LESIONS',10,'REASON_NOT_MEASURED','reasonNoOverlay',null);
Insert into STD_SECTION_OBSERVATIONS (SECTION_NAME,SEQUENCE,OBSERVATION_CODE,KEY,CHECKBOX) values ('IRECIST_PREVNEW_TARGET_NODAL_LESIONS',11,'CORRESPONDING_IMAGE_RECID','imageRecId',null);
Insert into STD_SECTION_OBSERVATIONS (SECTION_NAME,SEQUENCE,OBSERVATION_CODE,KEY,CHECKBOX) values ('IRECIST_PREVNEW_TARGET_NODAL_LESIONS',12,'CORRESPONDING_IMAGE_SERIES','imageName',null);
Insert into STD_SECTION_OBSERVATIONS (SECTION_NAME,SEQUENCE,OBSERVATION_CODE,KEY,CHECKBOX) values ('IRECIST_PREVNEW_TARGET_NODAL_LESIONS',13,'REASON_NOT_EVALUABLE','lesionReasonNotEvaluableIssues','Y');
Insert into STD_SECTION_OBSERVATIONS (SECTION_NAME,SEQUENCE,OBSERVATION_CODE,KEY,CHECKBOX) values ('IRECIST_PREVNEW_TARGET_NODAL_LESIONS',14,'REASON_NOT_EVALUABLE_COMMENT','unknownComments',null);
Insert into STD_SECTION_OBSERVATIONS (SECTION_NAME,SEQUENCE,OBSERVATION_CODE,KEY,CHECKBOX) values ('IRECIST_PREVNEW_TARGET_NODAL_LESIONS',15,'LESION_COMMENTS','comments',null);
Insert into STD_SECTION_OBSERVATIONS (SECTION_NAME,SEQUENCE,OBSERVATION_CODE,KEY,CHECKBOX) values ('IRECIST_PREVNEW_TARGET_NON_NODAL_LESIONS',1,'LESION_ID','name',null);
Insert into STD_SECTION_OBSERVATIONS (SECTION_NAME,SEQUENCE,OBSERVATION_CODE,KEY,CHECKBOX) values ('IRECIST_PREVNEW_TARGET_NON_NODAL_LESIONS',2,'FIRST_TP_NAME','firstMeasuredTimepoint.blindedName',null);
Insert into STD_SECTION_OBSERVATIONS (SECTION_NAME,SEQUENCE,OBSERVATION_CODE,KEY,CHECKBOX) values ('IRECIST_PREVNEW_TARGET_NON_NODAL_LESIONS',3,'LDIAM','overlay.length',null);
Insert into STD_SECTION_OBSERVATIONS (SECTION_NAME,SEQUENCE,OBSERVATION_CODE,KEY,CHECKBOX) values ('IRECIST_PREVNEW_TARGET_NON_NODAL_LESIONS',4,'MEASUREMENT_UNITS','overlay.units',null);
Insert into STD_SECTION_OBSERVATIONS (SECTION_NAME,SEQUENCE,OBSERVATION_CODE,KEY,CHECKBOX) values ('IRECIST_PREVNEW_TARGET_NON_NODAL_LESIONS',5,'LESION_LOCATION','location',null);
Insert into STD_SECTION_OBSERVATIONS (SECTION_NAME,SEQUENCE,OBSERVATION_CODE,KEY,CHECKBOX) values ('IRECIST_PREVNEW_TARGET_NON_NODAL_LESIONS',6,'LESION_LOCATION_DESCRIPTION','locationDescription',null);
Insert into STD_SECTION_OBSERVATIONS (SECTION_NAME,SEQUENCE,OBSERVATION_CODE,KEY,CHECKBOX) values ('IRECIST_PREVNEW_TARGET_NON_NODAL_LESIONS',7,'OVERLAY_IMAGE_RECID','overlay.imageRecID',null);
Insert into STD_SECTION_OBSERVATIONS (SECTION_NAME,SEQUENCE,OBSERVATION_CODE,KEY,CHECKBOX) values ('IRECIST_PREVNEW_TARGET_NON_NODAL_LESIONS',8,'OVERLAY_IMAGE_SERIES','overlay.imageTitle',null);
Insert into STD_SECTION_OBSERVATIONS (SECTION_NAME,SEQUENCE,OBSERVATION_CODE,KEY,CHECKBOX) values ('IRECIST_PREVNEW_TARGET_NON_NODAL_LESIONS',9,'OVERLAY_IMAGE_SLICE_NO','overlay.sliceNumber',null);
Insert into STD_SECTION_OBSERVATIONS (SECTION_NAME,SEQUENCE,OBSERVATION_CODE,KEY,CHECKBOX) values ('IRECIST_PREVNEW_TARGET_NON_NODAL_LESIONS',10,'REASON_NOT_MEASURED','reasonNoOverlay',null);
Insert into STD_SECTION_OBSERVATIONS (SECTION_NAME,SEQUENCE,OBSERVATION_CODE,KEY,CHECKBOX) values ('IRECIST_PREVNEW_TARGET_NON_NODAL_LESIONS',11,'CORRESPONDING_IMAGE_RECID','imageRecId',null);
Insert into STD_SECTION_OBSERVATIONS (SECTION_NAME,SEQUENCE,OBSERVATION_CODE,KEY,CHECKBOX) values ('IRECIST_PREVNEW_TARGET_NON_NODAL_LESIONS',12,'CORRESPONDING_IMAGE_SERIES','imageName',null);
Insert into STD_SECTION_OBSERVATIONS (SECTION_NAME,SEQUENCE,OBSERVATION_CODE,KEY,CHECKBOX) values ('IRECIST_PREVNEW_TARGET_NON_NODAL_LESIONS',13,'REASON_NOT_EVALUABLE','lesionReasonNotEvaluableIssues','Y');
Insert into STD_SECTION_OBSERVATIONS (SECTION_NAME,SEQUENCE,OBSERVATION_CODE,KEY,CHECKBOX) values ('IRECIST_PREVNEW_TARGET_NON_NODAL_LESIONS',14,'REASON_NOT_EVALUABLE_COMMENT','unknownComments',null);
Insert into STD_SECTION_OBSERVATIONS (SECTION_NAME,SEQUENCE,OBSERVATION_CODE,KEY,CHECKBOX) values ('IRECIST_PREVNEW_TARGET_NON_NODAL_LESIONS',15,'LESION_COMMENTS','comments',null);
Insert into STD_SECTION_OBSERVATIONS (SECTION_NAME,SEQUENCE,OBSERVATION_CODE,KEY,CHECKBOX) values ('IRECIST_TARGET_CALCULATIONS_SINCE_IUPD',8,'ACUPDSD','actualChangeOfSumOfDiametersFromIupd',null);
Insert into STD_SECTION_OBSERVATIONS (SECTION_NAME,SEQUENCE,OBSERVATION_CODE,KEY,CHECKBOX) values ('IRECIST_TARGET_CALCULATIONS_SINCE_IUPD',9,'UPD_TIMEPOINT','timpointUsedAsRelevantIupd',null);
Insert into STD_SECTION_OBSERVATIONS (SECTION_NAME,SEQUENCE,OBSERVATION_CODE,KEY,CHECKBOX) values ('IRECIST_TARGET_LESIONS_ASSESSMENT',1,'IRECIST_TRGRESP','value',null);
Insert into STD_SECTION_OBSERVATIONS (SECTION_NAME,SEQUENCE,OBSERVATION_CODE,KEY,CHECKBOX) values ('IRECIST_TARGET_LESIONS_ASSESSMENT',2,'IRECIST_TARGET_ASSESSMENT_COMMENTS','comments',null);
Insert into STD_SECTION_OBSERVATIONS (SECTION_NAME,SEQUENCE,OBSERVATION_CODE,KEY,CHECKBOX) values ('IRECIST_TARGET_LESIONS_ASSESSMENT_SOFT_EDIT_CHECKS',1,'IRECIST_TARGET_OVERRIDE_REASONS','overrideReasons','Y');
Insert into STD_SECTION_OBSERVATIONS (SECTION_NAME,SEQUENCE,OBSERVATION_CODE,KEY,CHECKBOX) values ('IRECIST_TARGET_LESIONS_ASSESSMENT_SOFT_EDIT_CHECKS',2,'IRECIST_TARGET_OVERRIDE_COMMENTS','comments',null);
Insert into STD_SECTION_OBSERVATIONS (SECTION_NAME,SEQUENCE,OBSERVATION_CODE,KEY,CHECKBOX) values ('RECIST11_BASELINE_DISEASE_STATUS',1,'NO_BASELINE_DISESE_FLAG','baselineDiseaseStatus',null);
Insert into STD_SECTION_OBSERVATIONS (SECTION_NAME,SEQUENCE,OBSERVATION_CODE,KEY,CHECKBOX) values ('RECIST11_LESION_CALCULATIONS',1,'SUMDIAM','sum',null);
Insert into STD_SECTION_OBSERVATIONS (SECTION_NAME,SEQUENCE,OBSERVATION_CODE,KEY,CHECKBOX) values ('RECIST11_LESION_CALCULATIONS',2,'SUMNLNLD','sumNonNodalDiameters',null);
Insert into STD_SECTION_OBSERVATIONS (SECTION_NAME,SEQUENCE,OBSERVATION_CODE,KEY,CHECKBOX) values ('RECIST11_LESION_CALCULATIONS',3,'ACBSD','actualChangeFromBaseline',null);
Insert into STD_SECTION_OBSERVATIONS (SECTION_NAME,SEQUENCE,OBSERVATION_CODE,KEY,CHECKBOX) values ('RECIST11_LESION_CALCULATIONS',4,'PCBSD','percentageChangeFromBaseline',null);
Insert into STD_SECTION_OBSERVATIONS (SECTION_NAME,SEQUENCE,OBSERVATION_CODE,KEY,CHECKBOX) values ('RECIST11_LESION_CALCULATIONS',5,'ACNSD','actualChangeFromNadir',null);
Insert into STD_SECTION_OBSERVATIONS (SECTION_NAME,SEQUENCE,OBSERVATION_CODE,KEY,CHECKBOX) values ('RECIST11_LESION_CALCULATIONS',6,'PCNSD','percentageChangeFromNadir',null);
Insert into STD_SECTION_OBSERVATIONS (SECTION_NAME,SEQUENCE,OBSERVATION_CODE,KEY,CHECKBOX) values ('RECIST11_LESION_CALCULATIONS',7,'NADIR_TIMEPOINT','timepointUsedForNadir',null);
Insert into STD_SECTION_OBSERVATIONS (SECTION_NAME,SEQUENCE,OBSERVATION_CODE,KEY,CHECKBOX) values ('RECIST11_NEW_EQUIVOCAL_LESIONS',1,'LESION_ID','name',null);
Insert into STD_SECTION_OBSERVATIONS (SECTION_NAME,SEQUENCE,OBSERVATION_CODE,KEY,CHECKBOX) values ('RECIST11_NEW_EQUIVOCAL_LESIONS',2,'OVERLAY_IMAGE_RECID','overlay.imageRecID',null);
Insert into STD_SECTION_OBSERVATIONS (SECTION_NAME,SEQUENCE,OBSERVATION_CODE,KEY,CHECKBOX) values ('RECIST11_NEW_EQUIVOCAL_LESIONS',3,'OVERLAY_IMAGE_SERIES','overlay.imageTitle',null);
Insert into STD_SECTION_OBSERVATIONS (SECTION_NAME,SEQUENCE,OBSERVATION_CODE,KEY,CHECKBOX) values ('RECIST11_NEW_EQUIVOCAL_LESIONS',4,'OVERLAY_IMAGE_SLICE_NO','overlay.sliceNumber',null);
Insert into STD_SECTION_OBSERVATIONS (SECTION_NAME,SEQUENCE,OBSERVATION_CODE,KEY,CHECKBOX) values ('RECIST11_NEW_EQUIVOCAL_LESIONS',5,'LESION_LOCATION','location',null);
Insert into STD_SECTION_OBSERVATIONS (SECTION_NAME,SEQUENCE,OBSERVATION_CODE,KEY,CHECKBOX) values ('RECIST11_NEW_EQUIVOCAL_LESIONS',6,'LESION_LOCATION_DESCRIPTION','locationDescription',null);
Insert into STD_SECTION_OBSERVATIONS (SECTION_NAME,SEQUENCE,OBSERVATION_CODE,KEY,CHECKBOX) values ('RECIST11_NEW_EQUIVOCAL_LESIONS',7,'LESION_COMMENTS','comments',null);
Insert into STD_SECTION_OBSERVATIONS (SECTION_NAME,SEQUENCE,OBSERVATION_CODE,KEY,CHECKBOX) values ('RECIST11_NEW_UNEQUIVOCAL_LESIONS',1,'LESION_ID','name',null);
Insert into STD_SECTION_OBSERVATIONS (SECTION_NAME,SEQUENCE,OBSERVATION_CODE,KEY,CHECKBOX) values ('RECIST11_NEW_UNEQUIVOCAL_LESIONS',2,'OVERLAY_IMAGE_RECID','overlay.imageRecID',null);
Insert into STD_SECTION_OBSERVATIONS (SECTION_NAME,SEQUENCE,OBSERVATION_CODE,KEY,CHECKBOX) values ('RECIST11_NEW_UNEQUIVOCAL_LESIONS',3,'OVERLAY_IMAGE_SERIES','overlay.imageTitle',null);
Insert into STD_SECTION_OBSERVATIONS (SECTION_NAME,SEQUENCE,OBSERVATION_CODE,KEY,CHECKBOX) values ('RECIST11_NEW_UNEQUIVOCAL_LESIONS',4,'OVERLAY_IMAGE_SLICE_NO','overlay.sliceNumber',null);
Insert into STD_SECTION_OBSERVATIONS (SECTION_NAME,SEQUENCE,OBSERVATION_CODE,KEY,CHECKBOX) values ('RECIST11_NEW_UNEQUIVOCAL_LESIONS',5,'LESION_LOCATION','location',null);
Insert into STD_SECTION_OBSERVATIONS (SECTION_NAME,SEQUENCE,OBSERVATION_CODE,KEY,CHECKBOX) values ('RECIST11_NEW_UNEQUIVOCAL_LESIONS',6,'LESION_LOCATION_DESCRIPTION','locationDescription',null);
Insert into STD_SECTION_OBSERVATIONS (SECTION_NAME,SEQUENCE,OBSERVATION_CODE,KEY,CHECKBOX) values ('RECIST11_NEW_UNEQUIVOCAL_LESIONS',7,'LESION_COMMENTS','comments',null);
Insert into STD_SECTION_OBSERVATIONS (SECTION_NAME,SEQUENCE,OBSERVATION_CODE,KEY,CHECKBOX) values ('RECIST11_NODAL_TARGET_LESIONS',1,'LESION_ID','name',null);
Insert into STD_SECTION_OBSERVATIONS (SECTION_NAME,SEQUENCE,OBSERVATION_CODE,KEY,CHECKBOX) values ('RECIST11_NODAL_TARGET_LESIONS',2,'LPERP','overlay.orthogonalLength',null);
Insert into STD_SECTION_OBSERVATIONS (SECTION_NAME,SEQUENCE,OBSERVATION_CODE,KEY,CHECKBOX) values ('RECIST11_NODAL_TARGET_LESIONS',3,'MEASUREMENT_UNITS','overlay.units',null);
Insert into STD_SECTION_OBSERVATIONS (SECTION_NAME,SEQUENCE,OBSERVATION_CODE,KEY,CHECKBOX) values ('RECIST11_NODAL_TARGET_LESIONS',4,'OVERLAY_IMAGE_RECID','overlay.imageRecID',null);
Insert into STD_SECTION_OBSERVATIONS (SECTION_NAME,SEQUENCE,OBSERVATION_CODE,KEY,CHECKBOX) values ('RECIST11_NODAL_TARGET_LESIONS',5,'OVERLAY_IMAGE_SERIES','overlay.imageTitle',null);
Insert into STD_SECTION_OBSERVATIONS (SECTION_NAME,SEQUENCE,OBSERVATION_CODE,KEY,CHECKBOX) values ('RECIST11_NODAL_TARGET_LESIONS',6,'OVERLAY_IMAGE_SLICE_NO','overlay.sliceNumber',null);
Insert into STD_SECTION_OBSERVATIONS (SECTION_NAME,SEQUENCE,OBSERVATION_CODE,KEY,CHECKBOX) values ('RECIST11_NODAL_TARGET_LESIONS',7,'LESION_LOCATION','location',null);
Insert into STD_SECTION_OBSERVATIONS (SECTION_NAME,SEQUENCE,OBSERVATION_CODE,KEY,CHECKBOX) values ('RECIST11_NODAL_TARGET_LESIONS',8,'LESION_LOCATION_DESCRIPTION','locationDescription',null);
Insert into STD_SECTION_OBSERVATIONS (SECTION_NAME,SEQUENCE,OBSERVATION_CODE,KEY,CHECKBOX) values ('RECIST11_NODAL_TARGET_LESIONS',9,'REASON_NOT_MEASURED','reasonNoOverlay',null);
Insert into STD_SECTION_OBSERVATIONS (SECTION_NAME,SEQUENCE,OBSERVATION_CODE,KEY,CHECKBOX) values ('RECIST11_NODAL_TARGET_LESIONS',10,'CORRESPONDING_IMAGE_RECID','imageRecID',null);
Insert into STD_SECTION_OBSERVATIONS (SECTION_NAME,SEQUENCE,OBSERVATION_CODE,KEY,CHECKBOX) values ('RECIST11_NODAL_TARGET_LESIONS',11,'CORRESPONDING_IMAGE_SERIES','imageName',null);
Insert into STD_SECTION_OBSERVATIONS (SECTION_NAME,SEQUENCE,OBSERVATION_CODE,KEY,CHECKBOX) values ('RECIST11_NODAL_TARGET_LESIONS',12,'REASON_NOT_EVALUABLE','lesionReasonNotEvaluableIssues','Y');
Insert into STD_SECTION_OBSERVATIONS (SECTION_NAME,SEQUENCE,OBSERVATION_CODE,KEY,CHECKBOX) values ('RECIST11_NODAL_TARGET_LESIONS',13,'REASON_NOT_EVALUABLE_COMMENT','unknownComments',null);
Insert into STD_SECTION_OBSERVATIONS (SECTION_NAME,SEQUENCE,OBSERVATION_CODE,KEY,CHECKBOX) values ('RECIST11_NODAL_TARGET_LESIONS',14,'LESION_COMMENTS','comments',null);
Insert into STD_SECTION_OBSERVATIONS (SECTION_NAME,SEQUENCE,OBSERVATION_CODE,KEY,CHECKBOX) values ('RECIST11_NON_NODAL_TARGET_LESIONS',1,'LESION_ID','name',null);
Insert into STD_SECTION_OBSERVATIONS (SECTION_NAME,SEQUENCE,OBSERVATION_CODE,KEY,CHECKBOX) values ('RECIST11_NON_NODAL_TARGET_LESIONS',2,'LDIAM','overlay.length',null);
Insert into STD_SECTION_OBSERVATIONS (SECTION_NAME,SEQUENCE,OBSERVATION_CODE,KEY,CHECKBOX) values ('RECIST11_NON_NODAL_TARGET_LESIONS',3,'MEASUREMENT_UNITS','overlay.units',null);
Insert into STD_SECTION_OBSERVATIONS (SECTION_NAME,SEQUENCE,OBSERVATION_CODE,KEY,CHECKBOX) values ('RECIST11_NON_NODAL_TARGET_LESIONS',4,'OVERLAY_IMAGE_RECID','overlay.imageRecID',null);
Insert into STD_SECTION_OBSERVATIONS (SECTION_NAME,SEQUENCE,OBSERVATION_CODE,KEY,CHECKBOX) values ('RECIST11_NON_NODAL_TARGET_LESIONS',5,'OVERLAY_IMAGE_SERIES','overlay.imageTitle',null);
Insert into STD_SECTION_OBSERVATIONS (SECTION_NAME,SEQUENCE,OBSERVATION_CODE,KEY,CHECKBOX) values ('RECIST11_NON_NODAL_TARGET_LESIONS',6,'OVERLAY_IMAGE_SLICE_NO','overlay.sliceNumber',null);
Insert into STD_SECTION_OBSERVATIONS (SECTION_NAME,SEQUENCE,OBSERVATION_CODE,KEY,CHECKBOX) values ('RECIST11_NON_NODAL_TARGET_LESIONS',7,'LESION_LOCATION','location',null);
Insert into STD_SECTION_OBSERVATIONS (SECTION_NAME,SEQUENCE,OBSERVATION_CODE,KEY,CHECKBOX) values ('RECIST11_NON_NODAL_TARGET_LESIONS',8,'LESION_LOCATION_DESCRIPTION','locationDescription',null);
Insert into STD_SECTION_OBSERVATIONS (SECTION_NAME,SEQUENCE,OBSERVATION_CODE,KEY,CHECKBOX) values ('RECIST11_NON_NODAL_TARGET_LESIONS',9,'REASON_NOT_MEASURED','reasonNoOverlay',null);
Insert into STD_SECTION_OBSERVATIONS (SECTION_NAME,SEQUENCE,OBSERVATION_CODE,KEY,CHECKBOX) values ('RECIST11_NON_NODAL_TARGET_LESIONS',10,'CORRESPONDING_IMAGE_RECID','imageRecId',null);
Insert into STD_SECTION_OBSERVATIONS (SECTION_NAME,SEQUENCE,OBSERVATION_CODE,KEY,CHECKBOX) values ('RECIST11_NON_NODAL_TARGET_LESIONS',11,'CORRESPONDING_IMAGE_SERIES','imageName',null);
Insert into STD_SECTION_OBSERVATIONS (SECTION_NAME,SEQUENCE,OBSERVATION_CODE,KEY,CHECKBOX) values ('RECIST11_NON_NODAL_TARGET_LESIONS',12,'REASON_NOT_EVALUABLE','lesionReasonNotEvaluableIssues','Y');
Insert into STD_SECTION_OBSERVATIONS (SECTION_NAME,SEQUENCE,OBSERVATION_CODE,KEY,CHECKBOX) values ('RECIST11_NON_NODAL_TARGET_LESIONS',13,'REASON_NOT_EVALUABLE_COMMENT','unknownComments',null);
Insert into STD_SECTION_OBSERVATIONS (SECTION_NAME,SEQUENCE,OBSERVATION_CODE,KEY,CHECKBOX) values ('RECIST11_NON_NODAL_TARGET_LESIONS',14,'LESION_COMMENTS','comments',null);
Insert into STD_SECTION_OBSERVATIONS (SECTION_NAME,SEQUENCE,OBSERVATION_CODE,KEY,CHECKBOX) values ('RECIST11_NON_TARGET_ASSESSMENT',1,'NTRGRESP','value',null);
Insert into STD_SECTION_OBSERVATIONS (SECTION_NAME,SEQUENCE,OBSERVATION_CODE,KEY,CHECKBOX) values ('RECIST11_NON_TARGET_ASSESSMENT',2,'NT_NE_COMMENTS','unknownComments',null);
Insert into STD_SECTION_OBSERVATIONS (SECTION_NAME,SEQUENCE,OBSERVATION_CODE,KEY,CHECKBOX) values ('RECIST11_NON_TARGET_ASSESSMENT',3,'NT_ASSESSMENT_COMMENTS','comments',null);
Insert into STD_SECTION_OBSERVATIONS (SECTION_NAME,SEQUENCE,OBSERVATION_CODE,KEY,CHECKBOX) values ('RECIST11_NON_TARGET_ASSESSMENT_SOFT_EDIT_CHECKS',1,'NT_OVERRIDE_REASONS','overrideReasons','Y');
Insert into STD_SECTION_OBSERVATIONS (SECTION_NAME,SEQUENCE,OBSERVATION_CODE,KEY,CHECKBOX) values ('RECIST11_NON_TARGET_ASSESSMENT_SOFT_EDIT_CHECKS',2,'NT_OVERRIDE_COMMENTS','comments',null);
Insert into STD_SECTION_OBSERVATIONS (SECTION_NAME,SEQUENCE,OBSERVATION_CODE,KEY,CHECKBOX) values ('RECIST11_NON_TARGET_LESIONS',1,'LESION_ID','name',null);
Insert into STD_SECTION_OBSERVATIONS (SECTION_NAME,SEQUENCE,OBSERVATION_CODE,KEY,CHECKBOX) values ('RECIST11_NON_TARGET_LESIONS',2,'OVERLAY_IMAGE_RECID','overlay.imageRecID',null);
Insert into STD_SECTION_OBSERVATIONS (SECTION_NAME,SEQUENCE,OBSERVATION_CODE,KEY,CHECKBOX) values ('RECIST11_NON_TARGET_LESIONS',3,'OVERLAY_IMAGE_SERIES','overlay.imageTitle',null);
Insert into STD_SECTION_OBSERVATIONS (SECTION_NAME,SEQUENCE,OBSERVATION_CODE,KEY,CHECKBOX) values ('RECIST11_NON_TARGET_LESIONS',4,'OVERLAY_IMAGE_SLICE_NO','overlay.sliceNumber',null);
Insert into STD_SECTION_OBSERVATIONS (SECTION_NAME,SEQUENCE,OBSERVATION_CODE,KEY,CHECKBOX) values ('RECIST11_NON_TARGET_LESIONS',5,'LESION_LOCATION','location',null);
Insert into STD_SECTION_OBSERVATIONS (SECTION_NAME,SEQUENCE,OBSERVATION_CODE,KEY,CHECKBOX) values ('RECIST11_NON_TARGET_LESIONS',6,'LESION_LOCATION_DESCRIPTION','locationDescription',null);
Insert into STD_SECTION_OBSERVATIONS (SECTION_NAME,SEQUENCE,OBSERVATION_CODE,KEY,CHECKBOX) values ('RECIST11_NON_TARGET_LESIONS',7,'LESION_ASSESSMENT','assessment',null);
Insert into STD_SECTION_OBSERVATIONS (SECTION_NAME,SEQUENCE,OBSERVATION_CODE,KEY,CHECKBOX) values ('RECIST11_NON_TARGET_LESIONS',8,'CORRESPONDING_IMAGE_RECID','imageRecId',null);
Insert into STD_SECTION_OBSERVATIONS (SECTION_NAME,SEQUENCE,OBSERVATION_CODE,KEY,CHECKBOX) values ('RECIST11_NON_TARGET_LESIONS',9,'CORRESPONDING_IMAGE_SERIES','imageName',null);
Insert into STD_SECTION_OBSERVATIONS (SECTION_NAME,SEQUENCE,OBSERVATION_CODE,KEY,CHECKBOX) values ('RECIST11_NON_TARGET_LESIONS',10,'REASON_NOT_EVALUABLE','lesionReasonNotEvaluableIssues','Y');
Insert into STD_SECTION_OBSERVATIONS (SECTION_NAME,SEQUENCE,OBSERVATION_CODE,KEY,CHECKBOX) values ('RECIST11_NON_TARGET_LESIONS',11,'REASON_NOT_EVALUABLE_COMMENT','unknownComments',null);
Insert into STD_SECTION_OBSERVATIONS (SECTION_NAME,SEQUENCE,OBSERVATION_CODE,KEY,CHECKBOX) values ('RECIST11_NON_TARGET_LESIONS',12,'LESION_COMMENTS','comments',null);
Insert into STD_SECTION_OBSERVATIONS (SECTION_NAME,SEQUENCE,OBSERVATION_CODE,KEY,CHECKBOX) values ('RECIST11_OVERALL_ASSESSMENTS',1,'OVRLRESP','value',null);
Insert into STD_SECTION_OBSERVATIONS (SECTION_NAME,SEQUENCE,OBSERVATION_CODE,KEY,CHECKBOX) values ('RECIST11_OVERALL_ASSESSMENTS',2,'OVL_PD_REASONS','reasonsForPD','Y');
Insert into STD_SECTION_OBSERVATIONS (SECTION_NAME,SEQUENCE,OBSERVATION_CODE,KEY,CHECKBOX) values ('RECIST11_OVERALL_ASSESSMENTS',3,'OVL_PD_COMMENTS','pdComments',null);
Insert into STD_SECTION_OBSERVATIONS (SECTION_NAME,SEQUENCE,OBSERVATION_CODE,KEY,CHECKBOX) values ('RECIST11_OVERALL_ASSESSMENTS',4,'OVL_NE_REASONS','reasonsForUnknown','Y');
Insert into STD_SECTION_OBSERVATIONS (SECTION_NAME,SEQUENCE,OBSERVATION_CODE,KEY,CHECKBOX) values ('RECIST11_OVERALL_ASSESSMENTS',5,'OVL_NE_COMMENTS','unknownComments',null);
Insert into STD_SECTION_OBSERVATIONS (SECTION_NAME,SEQUENCE,OBSERVATION_CODE,KEY,CHECKBOX) values ('RECIST11_OVERALL_ASSESSMENTS',6,'OVL_ND_COMMENTS','noDiseaseComments',null);
Insert into STD_SECTION_OBSERVATIONS (SECTION_NAME,SEQUENCE,OBSERVATION_CODE,KEY,CHECKBOX) values ('RECIST11_OVERALL_ASSESSMENTS',7,'OVL_ASSESSMENT_COMMENTS','comments',null);
Insert into STD_SECTION_OBSERVATIONS (SECTION_NAME,SEQUENCE,OBSERVATION_CODE,KEY,CHECKBOX) values ('RECIST11_OVERALL_ASSESSMENTS_SOFT_EDIT_CHECKS',1,'OVL_OVERRIDE_REASONS','overrideReasons',null);
Insert into STD_SECTION_OBSERVATIONS (SECTION_NAME,SEQUENCE,OBSERVATION_CODE,KEY,CHECKBOX) values ('RECIST11_OVERALL_ASSESSMENTS_SOFT_EDIT_CHECKS',2,'OVL_OVERRIDE_COMMENTS','comments',null);
Insert into STD_SECTION_OBSERVATIONS (SECTION_NAME,SEQUENCE,OBSERVATION_CODE,KEY,CHECKBOX) values ('RECIST11_PREVNEW_EQUIVOCAL_LESIONS',1,'LESION_ID','name',null);
Insert into STD_SECTION_OBSERVATIONS (SECTION_NAME,SEQUENCE,OBSERVATION_CODE,KEY,CHECKBOX) values ('RECIST11_PREVNEW_EQUIVOCAL_LESIONS',2,'FIRST_TP_NAME','firstMeasuredTimepoint.blindedName',null);
Insert into STD_SECTION_OBSERVATIONS (SECTION_NAME,SEQUENCE,OBSERVATION_CODE,KEY,CHECKBOX) values ('RECIST11_PREVNEW_EQUIVOCAL_LESIONS',3,'LESION_LOCATION','location',null);
Insert into STD_SECTION_OBSERVATIONS (SECTION_NAME,SEQUENCE,OBSERVATION_CODE,KEY,CHECKBOX) values ('RECIST11_PREVNEW_EQUIVOCAL_LESIONS',4,'LESION_LOCATION_DESCRIPTION','locationDescription',null);
Insert into STD_SECTION_OBSERVATIONS (SECTION_NAME,SEQUENCE,OBSERVATION_CODE,KEY,CHECKBOX) values ('RECIST11_PREVNEW_EQUIVOCAL_LESIONS',5,'OVERLAY_IMAGE_RECID','overlay.imageRecID',null);
Insert into STD_SECTION_OBSERVATIONS (SECTION_NAME,SEQUENCE,OBSERVATION_CODE,KEY,CHECKBOX) values ('RECIST11_PREVNEW_EQUIVOCAL_LESIONS',6,'OVERLAY_IMAGE_SERIES','overlay.imageTitle',null);
Insert into STD_SECTION_OBSERVATIONS (SECTION_NAME,SEQUENCE,OBSERVATION_CODE,KEY,CHECKBOX) values ('RECIST11_PREVNEW_EQUIVOCAL_LESIONS',7,'OVERLAY_IMAGE_SLICE_NO','overlay.sliceNumber',null);
Insert into STD_SECTION_OBSERVATIONS (SECTION_NAME,SEQUENCE,OBSERVATION_CODE,KEY,CHECKBOX) values ('RECIST11_PREVNEW_EQUIVOCAL_LESIONS',8,'LESION_ASSESSMENT','assessment',null);
Insert into STD_SECTION_OBSERVATIONS (SECTION_NAME,SEQUENCE,OBSERVATION_CODE,KEY,CHECKBOX) values ('RECIST11_PREVNEW_EQUIVOCAL_LESIONS',9,'CORRESPONDING_IMAGE_RECID','imageRecId',null);
Insert into STD_SECTION_OBSERVATIONS (SECTION_NAME,SEQUENCE,OBSERVATION_CODE,KEY,CHECKBOX) values ('RECIST11_PREVNEW_EQUIVOCAL_LESIONS',10,'CORRESPONDING_IMAGE_SERIES','imageName',null);
Insert into STD_SECTION_OBSERVATIONS (SECTION_NAME,SEQUENCE,OBSERVATION_CODE,KEY,CHECKBOX) values ('RECIST11_PREVNEW_EQUIVOCAL_LESIONS',11,'REASON_NOT_EVALUABLE','lesionReasonNotEvaluableIssues','Y');
Insert into STD_SECTION_OBSERVATIONS (SECTION_NAME,SEQUENCE,OBSERVATION_CODE,KEY,CHECKBOX) values ('RECIST11_PREVNEW_EQUIVOCAL_LESIONS',12,'REASON_NOT_EVALUABLE_COMMENT','unknownComments',null);
Insert into STD_SECTION_OBSERVATIONS (SECTION_NAME,SEQUENCE,OBSERVATION_CODE,KEY,CHECKBOX) values ('RECIST11_PREVNEW_EQUIVOCAL_LESIONS',13,'LESION_COMMENTS','comments',null);
Insert into STD_SECTION_OBSERVATIONS (SECTION_NAME,SEQUENCE,OBSERVATION_CODE,KEY,CHECKBOX) values ('RECIST11_PREVNEW_UNEQUIVOCAL_LESIONS',1,'LESION_ID','name',null);
Insert into STD_SECTION_OBSERVATIONS (SECTION_NAME,SEQUENCE,OBSERVATION_CODE,KEY,CHECKBOX) values ('RECIST11_PREVNEW_UNEQUIVOCAL_LESIONS',2,'FIRST_TP_NAME','firstMeasuredTimepoint.blindedName',null);


--------------------------------------------------------
--  DDL for View IMAGE_QUALITY
--------------------------------------------------------

  CREATE OR REPLACE EDITIONABLE VIEW "IMAGE_QUALITY" ("STUDY_ID", "CASE_RECID", "IMAGE_QUALITY_ISSUES_FLAG", "IMAGE_QUALITY_ISSUES", "IMAGE_QUALITY_COMMENTS") AS
  select "STUDY_ID","CASE_RECID","IMAGE_QUALITY_ISSUES_FLAG","IMAGE_QUALITY_ISSUES","IMAGE_QUALITY_COMMENTS" from
(
select study_id, case_recid, OBSERVATION_CODE, observation_value from crf_results
where section_name in (
'IMAGE_QUALITY'
)
order by study_id, case_recid, OBSERVATION_CODE
)
pivot
(
min(observation_value)
for observation_code in (
'IMAGE_QUALITY_ISSUES_FLAG' IMAGE_QUALITY_ISSUES_FLAG,
'IMAGE_QUALITY_ISSUES' IMAGE_QUALITY_ISSUES,
'IMAGE_QUALITY_COMMENTS' IMAGE_QUALITY_COMMENTS
)
)
;
--------------------------------------------------------
--  DDL for View IRECIST_ASSESSMENTS
--------------------------------------------------------

  CREATE OR REPLACE EDITIONABLE VIEW "IRECIST_ASSESSMENTS" ("STUDY_ID", "CASE_RECID", "ROW_INDEX", "PARENT_ROW_INDEX", "IRECIST_TRGRESP", "IRECIST_TARGET_ASSESSMENT_COMMENTS", "IRECIST_TARGET_OVERRIDE_REASONS", "IRECIST_TARGET_OVERRIDE_COMMENTS", "IRECIST_NTRGRESP", "IRECIST_NT_ASSESSMENT_COMMENTS", "IRECIST_NT_OVERRIDE_REASONS", "IRECIST_NT_OVERRIDE_COMMENTS", "IRECIST_NEW_NTRGRESP", "IRECIST_NEW_NT_ASSESSMENT_COMMENTS", "IRECIST_NEW_NT_OVERRIDE_REASONS", "IRECIST_NEW_NT_OVERRIDE_COMMENTS", "IRECIST_NEW_TRGRESP", "IRECIST_NEW_TARGET_ASSESSMENT_COMMENTS", "IRECIST_NEW_TARGET_OVERRIDE_REASONS", "IRECIST_NEW_TARGET_OVERRIDE_COMMENTS", "IRECIST_OVRLRESP", "IRECIST_OTR_ICPD_REASONS", "IRECIST_OTR_INE_REASONS", "IRECIST_OTR_OTHERS_COMMENTS", "IRECIST_OTR_ASSESSMENT_COMMENTS", "IRECIST_OTR_OVERRIDE_REASONS", "IRECIST_OTR_OVERRIDE_COMMENTS") AS
  select "STUDY_ID","CASE_RECID","ROW_INDEX","PARENT_ROW_INDEX","IRECIST_TRGRESP","IRECIST_TARGET_ASSESSMENT_COMMENTS","IRECIST_TARGET_OVERRIDE_REASONS","IRECIST_TARGET_OVERRIDE_COMMENTS","IRECIST_NTRGRESP","IRECIST_NT_ASSESSMENT_COMMENTS","IRECIST_NT_OVERRIDE_REASONS","IRECIST_NT_OVERRIDE_COMMENTS","IRECIST_NEW_NTRGRESP","IRECIST_NEW_NT_ASSESSMENT_COMMENTS","IRECIST_NEW_NT_OVERRIDE_REASONS","IRECIST_NEW_NT_OVERRIDE_COMMENTS","IRECIST_NEW_TRGRESP","IRECIST_NEW_TARGET_ASSESSMENT_COMMENTS","IRECIST_NEW_TARGET_OVERRIDE_REASONS","IRECIST_NEW_TARGET_OVERRIDE_COMMENTS","IRECIST_OVRLRESP","IRECIST_OTR_ICPD_REASONS","IRECIST_OTR_INE_REASONS","IRECIST_OTR_OTHERS_COMMENTS","IRECIST_OTR_ASSESSMENT_COMMENTS","IRECIST_OTR_OVERRIDE_REASONS","IRECIST_OTR_OVERRIDE_COMMENTS" from
(
select study_id, case_recid, row_index, parent_row_index, OBSERVATION_CODE, observation_value from crf_results
where section_name in (
'IRECIST_TARGET_LESIONS_ASSESSMENT',
'IRECIST_TARGET_LESIONS_ASSESSMENT_SOFT_EDIT_CHECKS',
'IRECIST_NON_TARGET_LESIONS_ASSESSMENT',
'IRECIST_NON_TARGET_LESIONS_ASSESSMENT_SOFT_EDIT_CHECKS',
'IRECIST_NEW_LESION_NON_TARGET_ASSESSMENT',
'IRECIST_NEW_LESION_NON_TARGET_ASSESSMENT_SOFT_EDIT_CHECKS',
'IRECIST_NEW_LESION_TARGET_ASSESSMENT',
'IRECIST_NEW_LESION_TARGET_ASSESSMENT_SOFT_EDIT_CHECKS',
'IRECIST_OVERALL_TUMOR_RESPONSE' ,
'IRECIST_OVERALL_TUMOR_RESPONSE_SOFT_EDIT_CHECK'
)
order by study_id, case_recid, row_index, OBSERVATION_CODE
)
pivot
(
min(observation_value)
for observation_code in (
'IRECIST_TRGRESP' IRECIST_TRGRESP,
'IRECIST_TARGET_ASSESSMENT_COMMENTS' IRECIST_TARGET_ASSESSMENT_COMMENTS,
'IRECIST_TARGET_OVERRIDE_REASONS' IRECIST_TARGET_OVERRIDE_REASONS,
'IRECIST_TARGET_OVERRIDE_COMMENTS' IRECIST_TARGET_OVERRIDE_COMMENTS,
'IRECIST_NTRGRESP' IRECIST_NTRGRESP,
'IRECIST_NT_ASSESSMENT_COMMENTS' IRECIST_NT_ASSESSMENT_COMMENTS,
'IRECIST_NT_OVERRIDE_REASONS' IRECIST_NT_OVERRIDE_REASONS,
'IRECIST_NT_OVERRIDE_COMMENTS' IRECIST_NT_OVERRIDE_COMMENTS,
'IRECIST_NEW_NTRGRESP' IRECIST_NEW_NTRGRESP,
'IRECIST_NEW_NT_ASSESSMENT_COMMENTS' IRECIST_NEW_NT_ASSESSMENT_COMMENTS,
'IRECIST_NEW_NT_OVERRIDE_REASONS' IRECIST_NEW_NT_OVERRIDE_REASONS,
'IRECIST_NEW_NT_OVERRIDE_COMMENTS' IRECIST_NEW_NT_OVERRIDE_COMMENTS,
'IRECIST_NEW_TRGRESP' IRECIST_NEW_TRGRESP,
'IRECIST_NEW_TARGET_ASSESSMENT_COMMENTS' IRECIST_NEW_TARGET_ASSESSMENT_COMMENTS,
'IRECIST_NEW_TARGET_OVERRIDE_REASONS' IRECIST_NEW_TARGET_OVERRIDE_REASONS,
'IRECIST_NEW_TARGET_OVERRIDE_COMMENTS' IRECIST_NEW_TARGET_OVERRIDE_COMMENTS,
'IRECIST_OVRLRESP' IRECIST_OVRLRESP,
'IRECIST_OTR_ICPD_REASONS' IRECIST_OTR_ICPD_REASONS,
'IRECIST_OTR_INE_REASONS' IRECIST_OTR_INE_REASONS,
'IRECIST_OTR_OTHERS_COMMENTS' IRECIST_OTR_OTHERS_COMMENTS,
'IRECIST_OTR_ASSESSMENT_COMMENTS' IRECIST_OTR_ASSESSMENT_COMMENTS,
'IRECIST_OTR_OVERRIDE_REASONS' IRECIST_OTR_OVERRIDE_REASONS,
'IRECIST_OTR_OVERRIDE_COMMENTS' IRECIST_OTR_OVERRIDE_COMMENTS
)
)
;
--------------------------------------------------------
--  DDL for View IRECIST_CALCULATIONS
--------------------------------------------------------

  CREATE OR REPLACE EDITIONABLE VIEW "IRECIST_CALCULATIONS" ("STUDY_ID", "CASE_RECID", "ROW_INDEX", "PARENT_ROW_INDEX", "ACUPDSD", "UPD_TIMEPOINT", "IRECIST_NEW_SUMDIAM", "IRECIST_NEW_ACBSD", "IRECIST_NEW_ACNSD", "IRECIST_NEW_NADIR_TIMEPOINT") AS
  select "STUDY_ID","CASE_RECID","ROW_INDEX","PARENT_ROW_INDEX","ACUPDSD","UPD_TIMEPOINT","IRECIST_NEW_SUMDIAM","IRECIST_NEW_ACBSD","IRECIST_NEW_ACNSD","IRECIST_NEW_NADIR_TIMEPOINT" from
(
select study_id, case_recid, row_index, parent_row_index, OBSERVATION_CODE, observation_value from crf_results
where section_name in (
'IRECIST_CALCULATIONS_NEW_TARGET_LESIONS',
'IRECIST_TARGET_CALCULATIONS_SINCE_IUPD'
)
order by study_id, case_recid, row_index, OBSERVATION_CODE
)
pivot
(
min(observation_value)
for observation_code in (
'ACUPDSD' ACUPDSD,
'UPD_TIMEPOINT' UPD_TIMEPOINT,
'IRECIST_NEW_SUMDIAM' IRECIST_NEW_SUMDIAM,
'IRECIST_NEW_ACBSD' IRECIST_NEW_ACBSD,
'IRECIST_NEW_ACNSD' IRECIST_NEW_ACNSD,
'IRECIST_NEW_NADIR_TIMEPOINT' IRECIST_NEW_NADIR_TIMEPOINT
)
)
;
--------------------------------------------------------
--  DDL for View IRECIST_LESION_DETAILS
--------------------------------------------------------

  CREATE OR REPLACE EDITIONABLE VIEW "IRECIST_LESION_DETAILS" ("STUDY_ID", "CASE_RECID", "LESION_TYPE", "ROW_INDEX", "PARENT_ROW_INDEX", "LESION_ID", "LESION_LOCATION", "LESION_LOCATION_DESCRIPTION", "LDIAM", "LPERP", "PPD", "MEASUREMENT_UNITS", "LESION_ASSESSMENT", "LESION_COMMENTS", "OVERLAY_IMAGE_RECID", "OVERLAY_IMAGE_SERIES", "OVERLAY_IMAGE_SLICE_NO", "REASON_NOT_MEASURED", "REASON_NOT_EVALUABLE", "REASON_NOT_EVALUABLE_COMMENT", "CORRESPONDING_IMAGE_SERIES", "CORRESPONDING_IMAGE_RECID") AS
  select "STUDY_ID","CASE_RECID","LESION_TYPE","ROW_INDEX","PARENT_ROW_INDEX","LESION_ID","LESION_LOCATION","LESION_LOCATION_DESCRIPTION","LDIAM","LPERP","PPD","MEASUREMENT_UNITS","LESION_ASSESSMENT","LESION_COMMENTS","OVERLAY_IMAGE_RECID","OVERLAY_IMAGE_SERIES","OVERLAY_IMAGE_SLICE_NO","REASON_NOT_MEASURED","REASON_NOT_EVALUABLE","REASON_NOT_EVALUABLE_COMMENT","CORRESPONDING_IMAGE_SERIES","CORRESPONDING_IMAGE_RECID" from
(
select study_id, case_recid, section_name as LESION_TYPE, row_index, parent_row_index, OBSERVATION_CODE, observation_value from crf_results
where section_name in (
'RECIST11_NODAL_TARGET_LESIONS' ,
'RECIST11_NON_NODAL_TARGET_LESIONS' ,
'RECIST11_NON_TARGET_LESIONS' ,
'IRECIST_NEW_TARGET_NON_NODAL_LESIONS' ,
'IRECIST_NEW_TARGET_NODAL_LESIONS' ,
'IRECIST_NEW_NON_TARGET_LESIONS' ,
'IRECIST_PREVNEW_TARGET_NON_NODAL_LESIONS',
'IRECIST_PREVNEW_TARGET_NODAL_LESIONS',
'IRECIST_PREVNEW_NON_TARGET_LESIONS'
)
order by study_id, case_recid, section_name, row_index, OBSERVATION_CODE
)
pivot
(
min(observation_value)
for observation_code in (
'LESION_ID' LESION_ID,
'LESION_LOCATION' LESION_LOCATION,
'LESION_LOCATION_DESCRIPTION' LESION_LOCATION_DESCRIPTION,
'LDIAM' LDIAM,
'LPERP' LPERP,
'PPD' PPD,
'MEASUREMENT_UNITS' MEASUREMENT_UNITS,
'LESION_ASSESSMENT' LESION_ASSESSMENT,
'LESION_COMMENTS' LESION_COMMENTS,
'OVERLAY_IMAGE_RECID' OVERLAY_IMAGE_RECID,
'OVERLAY_IMAGE_SERIES' OVERLAY_IMAGE_SERIES,
'OVERLAY_IMAGE_SLICE_NO' OVERLAY_IMAGE_SLICE_NO,
'REASON_NOT_MEASURED' REASON_NOT_MEASURED,
'REASON_NOT_EVALUABLE' REASON_NOT_EVALUABLE,
'REASON_NOT_EVALUABLE_COMMENT' REASON_NOT_EVALUABLE_COMMENT,
'CORRESPONDING_IMAGE_SERIES' CORRESPONDING_IMAGE_SERIES,
'CORRESPONDING_IMAGE_RECID' CORRESPONDING_IMAGE_RECID
)
)
;
--------------------------------------------------------
--  DDL for View LUGANO_LESION_DETAILS
--------------------------------------------------------

  CREATE OR REPLACE EDITIONABLE VIEW "LUGANO_LESION_DETAILS" ("STUDY_ID", "CASE_RECID", "LESION_TYPE", "ROW_INDEX", "PARENT_ROW_INDEX", "LESION_ID", "LUGANO_LESION_TYPE", "LESION_LOCATION", "LESION_LOCATION_DESCRIPTION", "LDIAM", "LPERP", "PPD", "MEASUREMENT_UNITS", "LESION_ASSESSMENT", "LESION_COMMENTS", "OVERLAY_IMAGE_RECID", "OVERLAY_IMAGE_SERIES", "OVERLAY_IMAGE_SLICE_NO", "REASON_NOT_MEASURED", "REASON_PERP_NOT_MEASURED", "REASON_NOT_EVALUABLE", "REASON_NOT_EVALUABLE_COMMENT", "CORRESPONDING_IMAGE_SERIES", "CORRESPONDING_IMAGE_RECID") AS
  select "STUDY_ID","CASE_RECID","LESION_TYPE","ROW_INDEX","PARENT_ROW_INDEX","LESION_ID","LUGANO_LESION_TYPE","LESION_LOCATION","LESION_LOCATION_DESCRIPTION","LDIAM","LPERP","PPD","MEASUREMENT_UNITS","LESION_ASSESSMENT","LESION_COMMENTS","OVERLAY_IMAGE_RECID","OVERLAY_IMAGE_SERIES","OVERLAY_IMAGE_SLICE_NO","REASON_NOT_MEASURED","REASON_PERP_NOT_MEASURED","REASON_NOT_EVALUABLE","REASON_NOT_EVALUABLE_COMMENT","CORRESPONDING_IMAGE_SERIES","CORRESPONDING_IMAGE_RECID" from
(
select study_id, case_recid, section_name as LESION_TYPE, row_index, parent_row_index, OBSERVATION_CODE, observation_value from crf_results
where section_name in (
'LUGANO_TARGET_NODES' ,
'LUGANO_TARGET_EXTRA_NODAL' ,
'LUGANO_NON_TARGET_LESIONS' ,
'LUGANO_PREVNEW_LESIONS' ,
'LUGANO_NEW_LESIONS'
)
order by study_id, case_recid, section_name, row_index, OBSERVATION_CODE
)
pivot
(
min(observation_value)
for observation_code in (
'LESION_ID' LESION_ID,
'LUGANO_LESION_TYPE' LUGANO_LESION_TYPE,
'LESION_LOCATION' LESION_LOCATION,
'LESION_LOCATION_DESCRIPTION' LESION_LOCATION_DESCRIPTION,
'LDIAM' LDIAM,
'LPERP' LPERP,
'PPD' PPD,
'MEASUREMENT_UNITS' MEASUREMENT_UNITS,
'LESION_ASSESSMENT' LESION_ASSESSMENT,
'LESION_COMMENTS' LESION_COMMENTS,
'OVERLAY_IMAGE_RECID' OVERLAY_IMAGE_RECID,
'OVERLAY_IMAGE_SERIES' OVERLAY_IMAGE_SERIES,
'OVERLAY_IMAGE_SLICE_NO' OVERLAY_IMAGE_SLICE_NO,
'REASON_NOT_MEASURED' REASON_NOT_MEASURED,
'REASON_PERP_NOT_MEASURED' REASON_PERP_NOT_MEASURED,
'REASON_NOT_EVALUABLE' REASON_NOT_EVALUABLE,
'REASON_NOT_EVALUABLE_COMMENT' REASON_NOT_EVALUABLE_COMMENT,
'CORRESPONDING_IMAGE_SERIES' CORRESPONDING_IMAGE_SERIES,
'CORRESPONDING_IMAGE_RECID' CORRESPONDING_IMAGE_RECID
)
)
;
--------------------------------------------------------
--  DDL for View LUGANO_SPLEEN_DETAILS
--------------------------------------------------------

  CREATE OR REPLACE EDITIONABLE VIEW "LUGANO_SPLEEN_DETAILS" ("STUDY_ID", "CASE_RECID", "ROW_INDEX", "PARENT_ROW_INDEX", "SPLEEN_ID", "SPLEEN_SLICE_RANGE", "SPLEEN_SLICE_COUNT", "SPLEEN_LENGTH", "SPLEEN_NORM", "REASON_NOT_MEASURED", "REASON_NOT_MEASURED_COMMENTS", "OVERLAY_IMAGE_RECID", "OVERLAY_IMAGE_SERIES", "SPLEEN_SLICE_DISTANCE", "SPLEEN_SLICE_INTERVAL", "SPLEEN_SLICE1", "SPLEEN_SLICE2", "SPLEEN_CALCULATION_METHOD", "SPLEEN_ENLARGED_LENGTH", "SPLEEN_UNITS", "SPLEEN_ACBLE", "SPLEEN_ACBL", "SPLEEN_ACNLE", "SPLEEN_ACNL", "SPLEEN_PCBLE", "SPLEEN_PCBL", "SPLEEN_PCNLE", "SPLEEN_PCNL", "SPLEEN_LE_NADIR_TIMEPOINT", "SPLEEN_LENGTH_NADIR_TIMEPOINT", "LUGANO_SPLNRESP", "LUGANO_SPLNRESP_CALCULATED", "LUGANO_SPLEEN_UNK_COMMENTS", "LUGANO_SPLEEN_ASSESSMENT_COMMENTS", "LUGANO_SPLEEN_OVERRIDE_REASONS", "LUGANO_SPLEEN_OVERRIDE_COMMENTS") AS
  select "STUDY_ID","CASE_RECID","ROW_INDEX","PARENT_ROW_INDEX","SPLEEN_ID","SPLEEN_SLICE_RANGE","SPLEEN_SLICE_COUNT","SPLEEN_LENGTH","SPLEEN_NORM","REASON_NOT_MEASURED","REASON_NOT_MEASURED_COMMENTS","OVERLAY_IMAGE_RECID","OVERLAY_IMAGE_SERIES","SPLEEN_SLICE_DISTANCE","SPLEEN_SLICE_INTERVAL","SPLEEN_SLICE1","SPLEEN_SLICE2","SPLEEN_CALCULATION_METHOD","SPLEEN_ENLARGED_LENGTH","SPLEEN_UNITS","SPLEEN_ACBLE","SPLEEN_ACBL","SPLEEN_ACNLE","SPLEEN_ACNL","SPLEEN_PCBLE","SPLEEN_PCBL","SPLEEN_PCNLE","SPLEEN_PCNL","SPLEEN_LE_NADIR_TIMEPOINT","SPLEEN_LENGTH_NADIR_TIMEPOINT","LUGANO_SPLNRESP","LUGANO_SPLNRESP_CALCULATED","LUGANO_SPLEEN_UNK_COMMENTS","LUGANO_SPLEEN_ASSESSMENT_COMMENTS","LUGANO_SPLEEN_OVERRIDE_REASONS","LUGANO_SPLEEN_OVERRIDE_COMMENTS" from
(
select study_id, case_recid, row_index, parent_row_index, OBSERVATION_CODE, observation_value from crf_results
where section_name in (
'LUGANO_SPLEEN_MEASUREMENTS' ,
'LUGANO_SPLEEN_CALCULATIONS' ,
'LUGANO_SPLEEN_ASSESMENT' ,
'LUGANO_SPLEEN_ASSESMENT_SOFT_EDIT_CHECKS'
)
order by study_id, case_recid, row_index, OBSERVATION_CODE
)
pivot
(
min(observation_value)
for observation_code in (
'SPLEEN_ID' SPLEEN_ID,
'SPLEEN_SLICE_RANGE' SPLEEN_SLICE_RANGE,
'SPLEEN_SLICE_COUNT' SPLEEN_SLICE_COUNT,
'SPLEEN_LENGTH' SPLEEN_LENGTH,
'SPLEEN_NORM' SPLEEN_NORM,
'REASON_NOT_MEASURED' REASON_NOT_MEASURED,
'REASON_NOT_MEASURED_COMMENTS' REASON_NOT_MEASURED_COMMENTS,
'OVERLAY_IMAGE_RECID' OVERLAY_IMAGE_RECID,
'OVERLAY_IMAGE_SERIES' OVERLAY_IMAGE_SERIES,
'SPLEEN_SLICE_DISTANCE' SPLEEN_SLICE_DISTANCE,
'SPLEEN_SLICE_INTERVAL' SPLEEN_SLICE_INTERVAL,
'SPLEEN_SLICE1' SPLEEN_SLICE1,
'SPLEEN_SLICE2' SPLEEN_SLICE2,
'SPLEEN_CALCULATION_METHOD' SPLEEN_CALCULATION_METHOD,
'SPLEEN_ENLARGED_LENGTH' SPLEEN_ENLARGED_LENGTH,
'SPLEEN_UNITS' SPLEEN_UNITS,
'SPLEEN_ACBLE' SPLEEN_ACBLE,
'SPLEEN_ACBL' SPLEEN_ACBL,
'SPLEEN_ACNLE' SPLEEN_ACNLE,
'SPLEEN_ACNL' SPLEEN_ACNL,
'SPLEEN_PCBLE' SPLEEN_PCBLE,
'SPLEEN_PCBL' SPLEEN_PCBL,
'SPLEEN_PCNLE' SPLEEN_PCNLE,
'SPLEEN_PCNL' SPLEEN_PCNL,
'SPLEEN_LE_NADIR_TIMEPOINT' SPLEEN_LE_NADIR_TIMEPOINT,
'SPLEEN_LENGTH_NADIR_TIMEPOINT' SPLEEN_LENGTH_NADIR_TIMEPOINT,
'LUGANO_SPLNRESP' LUGANO_SPLNRESP,
'LUGANO_SPLNRESP_CALCULATED' LUGANO_SPLNRESP_CALCULATED,
'LUGANO_SPLEEN_UNK_COMMENTS' LUGANO_SPLEEN_UNK_COMMENTS,
'LUGANO_SPLEEN_ASSESSMENT_COMMENTS' LUGANO_SPLEEN_ASSESSMENT_COMMENTS,
'LUGANO_SPLEEN_OVERRIDE_REASONS' LUGANO_SPLEEN_OVERRIDE_REASONS,
'LUGANO_SPLEEN_OVERRIDE_COMMENTS' LUGANO_SPLEEN_OVERRIDE_COMMENTS
)
)
;
--------------------------------------------------------
--  DDL for View RECIST11_ASSESSMENTS
--------------------------------------------------------

  CREATE OR REPLACE EDITIONABLE VIEW "RECIST11_ASSESSMENTS" ("STUDY_ID", "CASE_RECID", "ROW_INDEX", "PARENT_ROW_INDEX", "TRGRESP", "NTRGRESP", "OVRLRESP", "TARGET_ASSESSMENT_COMMENTS", "TARGET_NE_COMMENTS", "TARGET_OVERRIDE_REASONS", "TARGET_OVERRIDE_COMMENTS", "NT_ASSESSMENT_COMMENTS", "NT_NE_COMMENTS", "NT_OVERRIDE_REASONS", "NT_OVERRIDE_COMMENTS", "OVL_ASSESSMENT_COMMENTS", "OVL_ND_COMMENTS", "OVL_NE_COMMENTS", "OVL_OVERRIDE_REASONS", "OVL_OVERRIDE_COMMENTS", "OVL_PD_COMMENTS") AS
  select "STUDY_ID","CASE_RECID","ROW_INDEX","PARENT_ROW_INDEX","TRGRESP","NTRGRESP","OVRLRESP","TARGET_ASSESSMENT_COMMENTS","TARGET_NE_COMMENTS","TARGET_OVERRIDE_REASONS","TARGET_OVERRIDE_COMMENTS","NT_ASSESSMENT_COMMENTS","NT_NE_COMMENTS","NT_OVERRIDE_REASONS","NT_OVERRIDE_COMMENTS","OVL_ASSESSMENT_COMMENTS","OVL_ND_COMMENTS","OVL_NE_COMMENTS","OVL_OVERRIDE_REASONS","OVL_OVERRIDE_COMMENTS","OVL_PD_COMMENTS" from
(
select study_id, case_recid, row_index, parent_row_index, OBSERVATION_CODE, observation_value from crf_results
where section_name in (
'RECIST11_TARGET_ASSESSMENTS',
'RECIST11_TARGET_ASSESSMENT_SOFT_EDIT_CHECKS',
'RECIST11_NON_TARGET_ASSESSMENTS',
'RECIST11_NON_TARGET_ASSESSMENT_SOFT_EDIT_CHECKS',
'RECIST11_OVERALL_ASSESSMENTS',
'RECIST11_OVERALL_ASSESSMENTS_SOFT_EDIT_CHECKS'
)
order by study_id, case_recid, section_name, row_index, OBSERVATION_CODE
)
pivot
(
min(observation_value)
for observation_code in (
'TRGRESP' TRGRESP,
'NTRGRESP' NTRGRESP,
'OVRLRESP' OVRLRESP,
'TARGET_ASSESSMENT_COMMENTS' TARGET_ASSESSMENT_COMMENTS,
'TARGET_NE_COMMENTS' TARGET_NE_COMMENTS,
'TARGET_OVERRIDE_REASONS' TARGET_OVERRIDE_REASONS,
'TARGET_OVERRIDE_COMMENTS' TARGET_OVERRIDE_COMMENTS,
'NT_ASSESSMENT_COMMENTS' NT_ASSESSMENT_COMMENTS,
'NT_NE_COMMENTS' NT_NE_COMMENTS,
'NT_OVERRIDE_REASONS' NT_OVERRIDE_REASONS,
'NT_OVERRIDE_COMMENTS' NT_OVERRIDE_COMMENTS,
'OVL_ASSESSMENT_COMMENTS' OVL_ASSESSMENT_COMMENTS,
'OVL_ND_COMMENTS' OVL_ND_COMMENTS,
'OVL_NE_COMMENTS' OVL_NE_COMMENTS,
'OVL_OVERRIDE_REASONS' OVL_OVERRIDE_REASONS,
'OVL_OVERRIDE_COMMENTS' OVL_OVERRIDE_COMMENTS,
'OVL_PD_COMMENTS' OVL_PD_COMMENTS
)
)
;
--------------------------------------------------------
--  DDL for View RECIST11_LESION_CALCULATIONS
--------------------------------------------------------

  CREATE OR REPLACE EDITIONABLE VIEW "RECIST11_LESION_CALCULATIONS" ("STUDY_ID", "CASE_RECID", "LESION_TYPE", "ROW_INDEX", "PARENT_ROW_INDEX", "ACBSD", "ACNSD", "NADIR_TIMEPOINT", "PCBSD", "PCNSD", "SUMDIAM", "SUMNLNLD") AS
  select "STUDY_ID","CASE_RECID","LESION_TYPE","ROW_INDEX","PARENT_ROW_INDEX","ACBSD","ACNSD","NADIR_TIMEPOINT","PCBSD","PCNSD","SUMDIAM","SUMNLNLD" from
(
select study_id, case_recid, section_name as LESION_TYPE, row_index, parent_row_index, OBSERVATION_CODE, observation_value from crf_results
where section_name in (
'RECIST11_LESION_CALCULATIONS'
)
order by study_id, case_recid, section_name, row_index, OBSERVATION_CODE
)
pivot
(
min(observation_value)
for observation_code in (
'ACBSD' ACBSD,
'ACNSD' ACNSD,
'NADIR_TIMEPOINT' NADIR_TIMEPOINT,
'PCBSD' PCBSD,
'PCNSD' PCNSD,
'SUMDIAM' SUMDIAM,
'SUMNLNLD' SUMNLNLD
)
)
;
--------------------------------------------------------
--  DDL for View RECIST11_LESION_DETAILS
--------------------------------------------------------

  CREATE OR REPLACE EDITIONABLE VIEW "RECIST11_LESION_DETAILS" ("STUDY_ID", "CASE_RECID", "LESION_TYPE", "ROW_INDEX", "PARENT_ROW_INDEX", "LESION_ID", "LESION_LOCATION", "LESION_LOCATION_DESCRIPTION", "LDIAM", "LPERP", "PPD", "MEASUREMENT_UNITS", "LESION_ASSESSMENT", "LESION_COMMENTS", "OVERLAY_IMAGE_RECID", "OVERLAY_IMAGE_SERIES", "OVERLAY_IMAGE_SLICE_NO", "REASON_NOT_MEASURED", "REASON_NOT_EVALUABLE", "REASON_NOT_EVALUABLE_COMMENT", "CORRESPONDING_IMAGE_SERIES", "CORRESPONDING_IMAGE_RECID") AS
  select "STUDY_ID","CASE_RECID","LESION_TYPE","ROW_INDEX","PARENT_ROW_INDEX","LESION_ID","LESION_LOCATION","LESION_LOCATION_DESCRIPTION","LDIAM","LPERP","PPD","MEASUREMENT_UNITS","LESION_ASSESSMENT","LESION_COMMENTS","OVERLAY_IMAGE_RECID","OVERLAY_IMAGE_SERIES","OVERLAY_IMAGE_SLICE_NO","REASON_NOT_MEASURED","REASON_NOT_EVALUABLE","REASON_NOT_EVALUABLE_COMMENT","CORRESPONDING_IMAGE_SERIES","CORRESPONDING_IMAGE_RECID" from
(
select study_id, case_recid, section_name as LESION_TYPE, row_index, parent_row_index, OBSERVATION_CODE, observation_value from crf_results
where section_name in (
'RECIST11_NODAL_TARGET_LESIONS' ,
'RECIST11_NON_NODAL_TARGET_LESIONS' ,
'RECIST11_NON_TARGET_LESIONS' ,
'RECIST11_PREVNEW_EQUIVOCAL_LESIONS' ,
'RECIST11_NEW_EQUIVOCAL_LESIONS' ,
'RECIST11_PREVNEW_UNEQUIVOCAL_LESIONS' ,
'RECIST11_NEW_UNEQUIVOCAL_LESIONS'
)
order by study_id, case_recid, section_name, row_index, OBSERVATION_CODE
)
pivot
(
min(observation_value)
for observation_code in (
'LESION_ID' LESION_ID,
'LESION_LOCATION' LESION_LOCATION,
'LESION_LOCATION_DESCRIPTION' LESION_LOCATION_DESCRIPTION,
'LDIAM' LDIAM,
'LPERP' LPERP,
'PPD' PPD,
'MEASUREMENT_UNITS' MEASUREMENT_UNITS,
'LESION_ASSESSMENT' LESION_ASSESSMENT,
'LESION_COMMENTS' LESION_COMMENTS,
'OVERLAY_IMAGE_RECID' OVERLAY_IMAGE_RECID,
'OVERLAY_IMAGE_SERIES' OVERLAY_IMAGE_SERIES,
'OVERLAY_IMAGE_SLICE_NO' OVERLAY_IMAGE_SLICE_NO,
'REASON_NOT_MEASURED' REASON_NOT_MEASURED,
'REASON_NOT_EVALUABLE' REASON_NOT_EVALUABLE,
'REASON_NOT_EVALUABLE_COMMENT' REASON_NOT_EVALUABLE_COMMENT,
'CORRESPONDING_IMAGE_SERIES' CORRESPONDING_IMAGE_SERIES,
'CORRESPONDING_IMAGE_RECID' CORRESPONDING_IMAGE_RECID
)
)
;
